0,6.78E+07
3,6.80E+07
6,6.77E+07
9,6.80E+07
12,6.78E+07
15,6.80E+07
18,6.78E+07
21,6.79E+07
24,6.81E+07
27,6.79E+07
30,6.79E+07
33,6.78E+07
36,6.79E+07
39,6.79E+07
42,6.77E+07
45,6.78E+07
48,6.79E+07
51,6.77E+07
54,6.78E+07
57,6.78E+07
60,6.77E+07
63,6.79E+07
66,6.77E+07
69,6.78E+07
72,6.78E+07
75,6.77E+07
78,6.77E+07
81,6.77E+07
84,6.78E+07
87,6.80E+07
90,6.78E+07
93,6.78E+07
96,6.77E+07
99,6.79E+07
102,6.79E+07
105,6.77E+07
108,6.78E+07
111,6.76E+07
114,6.78E+07
117,6.76E+07
120,6.76E+07
123,6.77E+07
126,6.77E+07
129,6.77E+07
132,6.78E+07
135,6.79E+07
138,6.79E+07
141,6.78E+07
144,6.78E+07
147,6.77E+07
150,6.78E+07
153,6.77E+07
156,6.75E+07
159,6.77E+07
162,6.76E+07
165,6.76E+07
168,6.78E+07
171,6.77E+07
174,6.75E+07
177,6.77E+07
180,6.77E+07
183,6.77E+07
186,6.78E+07
189,6.77E+07
192,6.78E+07
195,6.76E+07
198,6.76E+07
201,6.77E+07
204,6.77E+07
207,6.79E+07
210,6.78E+07
213,6.77E+07
216,6.76E+07
219,6.77E+07
222,6.77E+07
225,6.76E+07
228,6.77E+07
231,6.76E+07
234,6.76E+07
237,6.77E+07
240,6.77E+07
243,6.76E+07
246,6.77E+07
249,6.77E+07
252,6.77E+07
255,6.77E+07
258,6.76E+07
261,6.77E+07
264,6.76E+07
267,6.77E+07
270,6.77E+07
273,6.77E+07
276,6.76E+07
279,6.77E+07
282,6.76E+07
285,6.75E+07
288,6.74E+07
291,6.76E+07
294,6.75E+07
297,6.77E+07
300,6.75E+07
303,6.76E+07
306,6.75E+07
309,6.76E+07
312,6.76E+07
315,6.75E+07
318,6.76E+07
321,6.77E+07
324,6.75E+07
327,6.76E+07
330,6.74E+07
333,6.76E+07
336,6.75E+07
339,6.73E+07
342,6.75E+07
345,6.75E+07
348,6.74E+07
351,6.75E+07
354,6.76E+07
357,6.75E+07
360,6.75E+07
363,6.75E+07
366,6.76E+07
369,6.73E+07
372,6.73E+07
375,6.74E+07
378,6.74E+07
381,6.74E+07
384,6.73E+07
387,6.75E+07
390,6.74E+07
393,6.74E+07
396,6.74E+07
399,6.75E+07
402,6.76E+07
405,6.76E+07
408,6.76E+07
411,6.75E+07
414,6.76E+07
417,6.74E+07
420,6.73E+07
423,6.75E+07
426,6.74E+07
429,6.75E+07
432,6.75E+07
435,6.74E+07
438,6.75E+07
441,6.75E+07
444,6.75E+07
447,6.73E+07
450,6.75E+07
453,6.75E+07
456,6.75E+07
459,6.74E+07
462,6.74E+07
465,6.74E+07
468,6.75E+07
471,6.74E+07
474,6.74E+07
477,6.73E+07
480,6.73E+07
483,6.75E+07
486,6.74E+07
489,6.73E+07
492,6.74E+07
495,6.75E+07
498,6.74E+07
501,6.74E+07
504,6.74E+07
507,6.74E+07
510,6.74E+07
513,6.75E+07
516,6.74E+07
519,6.74E+07
522,6.75E+07
525,6.74E+07
528,6.74E+07
531,6.73E+07
534,6.72E+07
537,6.74E+07
540,6.75E+07
543,6.74E+07
546,6.74E+07
549,6.74E+07
552,6.74E+07
555,6.74E+07
558,6.73E+07
561,6.74E+07
564,6.72E+07
567,6.75E+07
570,6.74E+07
573,6.73E+07
576,6.73E+07
579,6.74E+07
582,6.73E+07
585,6.74E+07
588,6.73E+07
591,6.73E+07
594,6.74E+07
597,6.74E+07
600,6.73E+07
603,6.74E+07
606,6.74E+07
609,6.72E+07
612,6.74E+07
615,6.75E+07
618,6.73E+07
621,6.73E+07
624,6.73E+07
627,6.73E+07
630,6.74E+07
633,6.74E+07
636,6.74E+07
639,6.73E+07
642,6.73E+07
645,6.73E+07
648,6.74E+07
651,6.72E+07
654,6.73E+07
657,6.73E+07
660,6.72E+07
663,6.72E+07
666,6.73E+07
669,6.71E+07
672,6.73E+07
675,6.72E+07
678,6.73E+07
681,6.72E+07
684,6.73E+07
687,6.74E+07
690,6.74E+07
693,6.71E+07
696,6.72E+07
699,6.71E+07
702,6.73E+07
705,6.72E+07
708,6.72E+07
711,6.72E+07
714,6.73E+07
717,6.73E+07
720,6.72E+07
723,6.71E+07
726,6.73E+07
729,6.73E+07
732,6.70E+07
735,6.73E+07
738,6.72E+07
741,6.73E+07
744,6.73E+07
747,6.73E+07
750,6.71E+07
753,6.71E+07
756,6.72E+07
759,6.72E+07
762,6.71E+07
765,6.74E+07
768,6.71E+07
771,6.74E+07
774,6.71E+07
777,6.72E+07
780,6.73E+07
783,6.71E+07
786,6.72E+07
789,6.71E+07
792,6.72E+07
795,6.71E+07
798,6.69E+07
801,6.73E+07
804,6.71E+07
807,6.71E+07
810,6.71E+07
813,6.71E+07
816,6.72E+07
819,6.72E+07
822,6.73E+07
825,6.70E+07
828,6.71E+07
831,6.73E+07
834,6.71E+07
837,6.72E+07
840,6.72E+07
843,6.72E+07
846,6.70E+07
849,6.72E+07
852,6.72E+07
855,6.70E+07
858,6.71E+07
861,6.71E+07
864,6.72E+07
867,6.71E+07
870,6.71E+07
873,6.71E+07
876,6.69E+07
879,6.72E+07
882,6.73E+07
885,6.70E+07
888,6.71E+07
891,6.71E+07
894,6.71E+07
897,6.71E+07
900,6.70E+07
903,6.69E+07
906,6.70E+07
909,6.71E+07
912,6.71E+07
915,6.72E+07
918,6.69E+07
921,6.71E+07
924,6.70E+07
927,6.69E+07
930,6.70E+07
933,6.70E+07
936,6.71E+07
939,6.70E+07
942,6.68E+07
945,6.71E+07
948,6.72E+07
951,6.70E+07
954,6.69E+07
957,6.69E+07
960,6.69E+07
963,6.71E+07
966,6.71E+07
969,6.71E+07
972,6.70E+07
975,6.70E+07
978,6.71E+07
981,6.70E+07
984,6.70E+07
987,6.70E+07
990,6.71E+07
993,6.69E+07
996,6.70E+07
999,6.71E+07
1002,6.70E+07
1005,6.71E+07
1008,6.68E+07
1011,6.70E+07
1014,6.71E+07
1017,6.71E+07
1020,6.69E+07
1023,6.69E+07
1026,6.70E+07
1029,6.69E+07
1032,6.70E+07
1035,6.70E+07
1038,6.69E+07
1041,6.69E+07
1044,6.68E+07
1047,6.69E+07
1050,6.71E+07
1053,6.70E+07
1056,6.69E+07
1059,6.69E+07
1062,6.70E+07
1065,6.69E+07
1068,6.68E+07
1071,6.70E+07
1074,6.69E+07
1077,6.70E+07
1080,6.70E+07
1083,6.71E+07
1086,6.68E+07
1089,6.68E+07
1092,6.70E+07
1095,6.69E+07
1098,6.70E+07
1101,6.71E+07
1104,6.69E+07
1107,6.68E+07
1110,6.70E+07
1113,6.68E+07
1116,6.70E+07
1119,6.69E+07
1122,6.72E+07
1125,6.70E+07
1128,6.69E+07
1131,6.70E+07
1134,6.70E+07
1137,6.69E+07
1140,6.69E+07
1143,6.69E+07
1146,6.69E+07
1149,6.68E+07
1152,6.71E+07
1155,6.69E+07
1158,6.69E+07
1161,6.69E+07
1164,6.68E+07
1167,6.68E+07
1170,6.69E+07
1173,6.69E+07
1176,6.70E+07
1179,6.69E+07
1182,6.69E+07
1185,6.69E+07
1188,6.68E+07
1191,6.69E+07
1194,6.71E+07
1197,6.67E+07
1200,6.68E+07
1203,6.68E+07
1206,6.70E+07
1209,6.71E+07
1212,6.69E+07
1215,6.68E+07
1218,6.69E+07
1221,6.69E+07
1224,6.69E+07
1227,6.71E+07
1230,6.68E+07
1233,6.68E+07
1236,6.69E+07
1239,6.68E+07
1242,6.69E+07
1245,6.69E+07
1248,6.70E+07
1251,6.69E+07
1254,6.68E+07
1257,6.69E+07
1260,6.70E+07
1263,6.68E+07
1266,6.68E+07
1269,6.69E+07
1272,6.70E+07
1275,6.69E+07
1278,6.70E+07
1281,6.70E+07
1284,6.69E+07
1287,6.68E+07
1290,6.69E+07
1293,6.69E+07
1296,6.69E+07
1299,6.69E+07
1302,6.67E+07
1305,6.68E+07
1308,6.68E+07
1311,6.69E+07
1314,6.68E+07
1317,6.67E+07
1320,6.67E+07
1323,6.69E+07
1326,6.67E+07
1329,6.69E+07
1332,6.68E+07
1335,6.68E+07
1338,6.67E+07
1341,6.68E+07
1344,6.69E+07
1347,6.68E+07
1350,6.68E+07
1353,6.67E+07
1356,6.67E+07
1359,6.68E+07
1362,6.67E+07
1365,6.68E+07
1368,6.67E+07
1371,6.68E+07
1374,6.68E+07
1377,6.68E+07
1380,6.67E+07
1383,6.67E+07
1386,6.68E+07
1389,6.67E+07
1392,6.67E+07
1395,6.69E+07
1398,6.67E+07
1401,6.67E+07
1404,6.69E+07
1407,6.67E+07
1410,6.68E+07
1413,6.68E+07
1416,6.67E+07
1419,6.67E+07
1422,6.67E+07
1425,6.68E+07
1428,6.68E+07
1431,6.68E+07
1434,6.67E+07
1437,6.70E+07
1440,6.68E+07
1443,6.68E+07
1446,6.67E+07
1449,6.67E+07
1452,6.67E+07
1455,6.67E+07
1458,6.66E+07
1461,6.65E+07
1464,6.68E+07
1467,6.68E+07
1470,6.69E+07
1473,6.69E+07
1476,6.69E+07
1479,6.69E+07
1482,6.68E+07
1485,6.68E+07
1488,6.66E+07
1491,6.66E+07
1494,6.66E+07
1497,6.68E+07
1500,6.66E+07
1503,6.68E+07
1506,6.66E+07
1509,6.67E+07
1512,6.67E+07
1515,6.67E+07
1518,6.67E+07
1521,6.67E+07
1524,6.67E+07
1527,6.67E+07
1530,6.65E+07
1533,6.67E+07
1536,6.67E+07
1539,6.65E+07
1542,6.68E+07
1545,6.69E+07
1548,6.66E+07
1551,6.67E+07
1554,6.68E+07
1557,6.67E+07
1560,6.67E+07
1563,6.67E+07
1566,6.67E+07
1569,6.67E+07
1572,6.67E+07
1575,6.66E+07
1578,6.68E+07
1581,6.66E+07
1584,6.67E+07
1587,6.66E+07
1590,6.69E+07
1593,6.67E+07
1596,6.67E+07
1599,6.67E+07
1602,6.68E+07
1605,6.65E+07
1608,6.68E+07
1611,6.67E+07
1614,6.66E+07
1617,6.66E+07
1620,6.67E+07
1623,6.66E+07
1626,6.66E+07
1629,6.65E+07
1632,6.66E+07
1635,6.66E+07
1638,6.67E+07
1641,6.66E+07
1644,6.65E+07
1647,6.65E+07
1650,6.65E+07
1653,6.66E+07
1656,6.66E+07
1659,6.68E+07
1662,6.66E+07
1665,6.66E+07
1668,6.66E+07
1671,6.67E+07
1674,6.66E+07
1677,6.67E+07
1680,6.68E+07
1683,6.66E+07
1686,6.67E+07
1689,6.66E+07
1692,6.65E+07
1695,6.66E+07
1698,6.64E+07
1701,6.66E+07
1704,6.66E+07
1707,6.66E+07
1710,6.66E+07
1713,6.65E+07
1716,6.66E+07
1719,6.67E+07
1722,6.66E+07
1725,6.66E+07
1728,6.66E+07
1731,6.66E+07
1734,6.67E+07
1737,6.67E+07
1740,6.65E+07
1743,6.64E+07
1746,6.67E+07
1749,6.67E+07
1752,6.65E+07
1755,6.66E+07
1758,6.66E+07
1761,6.67E+07
1764,6.66E+07
1767,6.64E+07
1770,6.66E+07
1773,6.66E+07
1776,6.64E+07
1779,6.65E+07
1782,6.64E+07
1785,6.66E+07
1788,6.66E+07
1791,6.66E+07
1794,6.66E+07
1797,6.66E+07
1800,6.67E+07
1803,6.66E+07
1806,6.66E+07
1809,6.65E+07
1812,6.64E+07
1815,6.67E+07
1818,6.67E+07
1821,6.64E+07
1824,6.65E+07
1827,6.66E+07
1830,6.65E+07
1833,6.65E+07
1836,6.66E+07
1839,6.65E+07
1842,6.66E+07
1845,6.64E+07
1848,6.66E+07
1851,6.67E+07
1854,6.66E+07
1857,6.66E+07
1860,6.67E+07
1863,6.67E+07
1866,6.66E+07
1869,6.65E+07
1872,6.65E+07
1875,6.65E+07
1878,6.66E+07
1881,6.64E+07
1884,6.65E+07
1887,6.66E+07
1890,6.64E+07
1893,6.65E+07
1896,6.65E+07
1899,6.64E+07
1902,6.65E+07
1905,6.65E+07
1908,6.65E+07
1911,6.65E+07
1914,6.65E+07
1917,6.66E+07
1920,6.66E+07
1923,6.66E+07
1926,6.62E+07
1929,6.65E+07
1932,6.66E+07
1935,6.66E+07
1938,6.64E+07
1941,6.66E+07
1944,6.65E+07
1947,6.65E+07
1950,6.64E+07
1953,6.65E+07
1956,6.66E+07
1959,6.65E+07
1962,6.66E+07
1965,6.65E+07
1968,6.64E+07
1971,6.64E+07
1974,6.65E+07
1977,6.65E+07
1980,6.64E+07
1983,6.65E+07
1986,6.64E+07
1989,6.65E+07
1992,6.65E+07
1995,6.66E+07
1998,6.65E+07
2001,6.67E+07
2004,6.63E+07
2007,6.66E+07
2010,6.65E+07
2013,6.63E+07
2016,6.66E+07
2019,6.66E+07
2022,6.64E+07
2025,6.64E+07
2028,6.65E+07
2031,6.64E+07
2034,6.64E+07
2037,6.65E+07
2040,6.64E+07
2043,6.64E+07
2046,6.66E+07
2049,6.65E+07
2052,6.66E+07
2055,6.65E+07
2058,6.65E+07
2061,6.65E+07
2064,6.64E+07
2067,6.64E+07
2070,6.65E+07
2073,6.65E+07
2076,6.64E+07
2079,6.64E+07
2082,6.65E+07
2085,6.66E+07
2088,6.63E+07
2091,6.65E+07
2094,6.65E+07
2097,6.63E+07
2100,6.65E+07
2103,6.64E+07
2106,6.65E+07
2109,6.63E+07
2112,6.65E+07
2115,6.64E+07
2118,6.64E+07
2121,6.64E+07
2124,6.65E+07
2127,6.64E+07
2130,6.64E+07
2133,6.64E+07
2136,6.63E+07
2139,6.65E+07
2142,6.64E+07
2145,6.64E+07
2148,6.66E+07
2151,6.63E+07
2154,6.64E+07
2157,6.64E+07
2160,6.64E+07
2163,6.65E+07
2166,6.65E+07
2169,6.64E+07
2172,6.64E+07
2175,6.65E+07
2178,6.65E+07
2181,6.64E+07
2184,6.65E+07
2187,6.64E+07
2190,6.65E+07
2193,6.65E+07
2196,6.65E+07
2199,6.63E+07
2202,6.64E+07
2205,6.64E+07
2208,6.64E+07
2211,6.63E+07
2214,6.64E+07
2217,6.63E+07
2220,6.62E+07
2223,6.64E+07
2226,6.63E+07
2229,6.64E+07
2232,6.64E+07
2235,6.62E+07
2238,6.64E+07
2241,6.64E+07
2244,6.64E+07
2247,6.63E+07
2250,6.64E+07
2253,6.64E+07
2256,6.64E+07
2259,6.64E+07
2262,6.64E+07
2265,6.64E+07
2268,6.64E+07
2271,6.66E+07
2274,6.64E+07
2277,6.63E+07
2280,6.64E+07
2283,6.64E+07
2286,6.63E+07
2289,6.63E+07
2292,6.63E+07
2295,6.63E+07
2298,6.63E+07
2301,6.65E+07
2304,6.64E+07
2307,6.64E+07
2310,6.62E+07
2313,6.64E+07
2316,6.63E+07
2319,6.62E+07
2322,6.64E+07
2325,6.63E+07
2328,6.63E+07
2331,6.64E+07
2334,6.62E+07
2337,6.62E+07
2340,6.65E+07
2343,6.63E+07
2346,6.64E+07
2349,6.62E+07
2352,6.63E+07
2355,6.63E+07
2358,6.61E+07
2361,6.63E+07
2364,6.63E+07
2367,6.62E+07
2370,6.63E+07
2373,6.63E+07
2376,6.63E+07
2379,6.62E+07
2382,6.61E+07
2385,6.63E+07
2388,6.62E+07
2391,6.63E+07
2394,6.62E+07
2397,6.63E+07
2400,6.62E+07
2403,6.63E+07
2406,6.65E+07
2409,6.64E+07
2412,6.65E+07
2415,6.62E+07
2418,6.63E+07
2421,6.63E+07
2424,6.62E+07
2427,6.63E+07
2430,6.63E+07
2433,6.63E+07
2436,6.63E+07
2439,6.63E+07
2442,6.64E+07
2445,6.62E+07
2448,6.61E+07
2451,6.62E+07
2454,6.64E+07
2457,6.63E+07
2460,6.63E+07
2463,6.62E+07
2466,6.61E+07
2469,6.64E+07
2472,6.63E+07
2475,6.64E+07
2478,6.63E+07
2481,6.63E+07
2484,6.65E+07
2487,6.64E+07
2490,6.62E+07
2493,6.64E+07
2496,6.63E+07
2499,6.62E+07
2502,6.62E+07
2505,6.62E+07
2508,6.63E+07
2511,6.62E+07
2514,6.61E+07
2517,6.64E+07
2520,6.64E+07
2523,6.64E+07
2526,6.62E+07
2529,6.62E+07
2532,6.62E+07
2535,6.60E+07
2538,6.63E+07
2541,6.65E+07
2544,6.63E+07
2547,6.64E+07
2550,6.62E+07
2553,6.62E+07
2556,6.62E+07
2559,6.63E+07
2562,6.63E+07
2565,6.63E+07
2568,6.61E+07
2571,6.64E+07
2574,6.62E+07
2577,6.63E+07
2580,6.62E+07
2583,6.64E+07
2586,6.63E+07
2589,6.64E+07
2592,6.63E+07
2595,6.62E+07
2598,6.64E+07
2601,6.62E+07
2604,6.63E+07
2607,6.63E+07
2610,6.63E+07
2613,6.63E+07
2616,6.61E+07
2619,6.64E+07
2622,6.62E+07
2625,6.63E+07
2628,6.64E+07
2631,6.61E+07
2634,6.60E+07
2637,6.62E+07
2640,6.62E+07
2643,6.61E+07
2646,6.63E+07
2649,6.62E+07
2652,6.62E+07
2655,6.63E+07
2658,6.60E+07
2661,6.62E+07
2664,6.62E+07
2667,6.62E+07
2670,6.62E+07
2673,6.63E+07
2676,6.62E+07
2679,6.63E+07
2682,6.62E+07
2685,6.62E+07
2688,6.62E+07
2691,6.61E+07
2694,6.62E+07
2697,6.62E+07
2700,6.61E+07
2703,6.61E+07
2706,6.61E+07
2709,6.63E+07
2712,6.63E+07
2715,6.61E+07
2718,6.61E+07
2721,6.63E+07
2724,6.62E+07
2727,6.64E+07
2730,6.60E+07
2733,6.63E+07
2736,6.60E+07
2739,6.60E+07
2742,6.62E+07
2745,6.61E+07
2748,6.63E+07
2751,6.63E+07
2754,6.62E+07
2757,6.61E+07
2760,6.60E+07
2763,6.59E+07
2766,6.61E+07
2769,6.61E+07
2772,6.63E+07
2775,6.62E+07
2778,6.61E+07
2781,6.63E+07
2784,6.62E+07
2787,6.60E+07
2790,6.62E+07
2793,6.61E+07
2796,6.61E+07
2799,6.61E+07
2802,6.62E+07
2805,6.61E+07
2808,6.62E+07
2811,6.63E+07
2814,6.62E+07
2817,6.61E+07
2820,6.61E+07
2823,6.61E+07
2826,6.61E+07
2829,6.61E+07
2832,6.62E+07
2835,6.61E+07
2838,6.61E+07
2841,6.61E+07
2844,6.60E+07
2847,6.60E+07
2850,6.61E+07
2853,6.60E+07
2856,6.61E+07
2859,6.61E+07
2862,6.61E+07
2865,6.61E+07
2868,6.61E+07
2871,6.62E+07
2874,6.62E+07
2877,6.61E+07
2880,6.61E+07
2883,6.60E+07
2886,6.62E+07
2889,6.62E+07
2892,6.62E+07
2895,6.62E+07
2898,6.62E+07
2901,6.61E+07
2904,6.61E+07
2907,6.61E+07
2910,6.59E+07
2913,6.61E+07
2916,6.59E+07
2919,6.61E+07
2922,6.60E+07
2925,6.60E+07
2928,6.62E+07
2931,6.61E+07
2934,6.62E+07
2937,6.60E+07
2940,6.61E+07
2943,6.61E+07
2946,6.62E+07
2949,6.60E+07
2952,6.61E+07
2955,6.62E+07
2958,6.60E+07
2961,6.61E+07
2964,6.62E+07
2967,6.61E+07
2970,6.62E+07
2973,6.61E+07
2976,6.62E+07
2979,6.61E+07
2982,6.62E+07
2985,6.60E+07
2988,6.61E+07
2991,6.60E+07
2994,6.61E+07
2997,6.61E+07
3000,6.60E+07
3003,6.62E+07
3006,6.60E+07
3009,6.62E+07
3012,6.61E+07
3015,6.61E+07
3018,6.60E+07
3021,6.63E+07
3024,6.62E+07
3027,6.60E+07
3030,6.60E+07
3033,6.59E+07
3036,6.59E+07
3039,6.62E+07
3042,6.60E+07
3045,6.59E+07
3048,6.61E+07
3051,6.61E+07
3054,6.59E+07
3057,6.60E+07
3060,6.60E+07
3063,6.62E+07
3066,6.60E+07
3069,6.60E+07
3072,6.61E+07
3075,6.59E+07
3078,6.60E+07
3081,6.62E+07
3084,6.61E+07
3087,6.61E+07
3090,6.62E+07
3093,6.60E+07
3096,6.60E+07
3099,6.59E+07
3102,6.58E+07
3105,6.60E+07
3108,6.60E+07
3111,6.61E+07
3114,6.60E+07
3117,6.61E+07
3120,6.59E+07
3123,6.61E+07
3126,6.61E+07
3129,6.61E+07
3132,6.61E+07
3135,6.61E+07
3138,6.62E+07
3141,6.59E+07
3144,6.59E+07
3147,6.60E+07
3150,6.59E+07
3153,6.62E+07
3156,6.62E+07
3159,6.61E+07
3162,6.59E+07
3165,6.59E+07
3168,6.59E+07
3171,6.61E+07
3174,6.60E+07
3177,6.60E+07
3180,6.60E+07
3183,6.61E+07
3186,6.61E+07
3189,6.59E+07
3192,6.61E+07
3195,6.61E+07
3198,6.61E+07
3201,6.61E+07
3204,6.59E+07
3207,6.61E+07
3210,6.60E+07
3213,6.59E+07
3216,6.60E+07
3219,6.60E+07
3222,6.61E+07
3225,6.61E+07
3228,6.60E+07
3231,6.60E+07
3234,6.59E+07
3237,6.61E+07
3240,6.61E+07
3243,6.60E+07
3246,6.59E+07
3249,6.60E+07
3252,6.61E+07
3255,6.60E+07
3258,6.59E+07
3261,6.60E+07
3264,6.59E+07
3267,6.59E+07
3270,6.60E+07
3273,6.59E+07
3276,6.59E+07
3279,6.61E+07
3282,6.61E+07
3285,6.59E+07
3288,6.62E+07
3291,6.59E+07
3294,6.61E+07
3297,6.60E+07
3300,6.59E+07
3303,6.62E+07
3306,6.59E+07
3309,6.59E+07
3312,6.61E+07
3315,6.60E+07
3318,6.58E+07
3321,6.60E+07
3324,6.62E+07
3327,6.59E+07
3330,6.60E+07
3333,6.61E+07
3336,6.60E+07
3339,6.59E+07
3342,6.59E+07
3345,6.59E+07
3348,6.59E+07
3351,6.59E+07
3354,6.60E+07
3357,6.60E+07
3360,6.60E+07
3363,6.60E+07
3366,6.61E+07
3369,6.61E+07
3372,6.62E+07
3375,6.59E+07
3378,6.60E+07
3381,6.59E+07
3384,6.61E+07
3387,6.60E+07
3390,6.60E+07
3393,6.61E+07
3396,6.59E+07
3399,6.60E+07
3402,6.59E+07
3405,6.60E+07
3408,6.60E+07
3411,6.60E+07
3414,6.59E+07
3417,6.61E+07
3420,6.59E+07
3423,6.59E+07
3426,6.58E+07
3429,6.60E+07
3432,6.57E+07
3435,6.60E+07
3438,6.59E+07
3441,6.60E+07
3444,6.59E+07
3447,6.60E+07
3450,6.58E+07
3453,6.61E+07
3456,6.59E+07
3459,6.59E+07
3462,6.59E+07
3465,6.60E+07
3468,6.59E+07
3471,6.59E+07
3474,6.60E+07
3477,6.60E+07
3480,6.60E+07
3483,6.60E+07
3486,6.59E+07
3489,6.60E+07
3492,6.60E+07
3495,6.61E+07
3498,6.59E+07
3501,6.60E+07
3504,6.59E+07
3507,6.60E+07
3510,6.59E+07
3513,6.61E+07
3516,6.59E+07
3519,6.60E+07
3522,6.59E+07
3525,6.60E+07
3528,6.60E+07
3531,6.59E+07
3534,6.60E+07
3537,6.60E+07
3540,6.59E+07
3543,6.58E+07
3546,6.57E+07
3549,6.57E+07
3552,6.59E+07
3555,6.58E+07
3558,6.58E+07
3561,6.58E+07
3564,6.59E+07
3567,6.59E+07
3570,6.59E+07
3573,6.59E+07
3576,6.59E+07
3579,6.59E+07
3582,6.60E+07
3585,6.61E+07
3588,6.58E+07
3591,6.59E+07
3594,6.58E+07
3597,6.58E+07
3600,6.59E+07
3603,6.58E+07
3606,6.58E+07
3609,6.59E+07
3612,6.59E+07
3615,6.60E+07
3618,6.59E+07
3621,6.59E+07
3624,6.60E+07
3627,6.57E+07
3630,6.59E+07
3633,6.59E+07
3636,6.58E+07
3639,6.58E+07
3642,6.58E+07
3645,6.57E+07
3648,6.61E+07
3651,6.57E+07
3654,6.60E+07
3657,6.60E+07
3660,6.60E+07
3663,6.58E+07
3666,6.59E+07
3669,6.57E+07
3672,6.57E+07
3675,6.58E+07
3678,6.59E+07
3681,6.58E+07
3684,6.59E+07
3687,6.58E+07
3690,6.60E+07
3693,6.57E+07
3696,6.58E+07
3699,6.59E+07
3702,6.59E+07
3705,6.60E+07
3708,6.58E+07
3711,6.58E+07
3714,6.58E+07
3717,6.59E+07
3720,6.59E+07
3723,6.59E+07
3726,6.56E+07
3729,6.59E+07
3732,6.57E+07
3735,6.58E+07
3738,6.57E+07
3741,6.59E+07
3744,6.58E+07
3747,6.59E+07
3750,6.58E+07
3753,6.60E+07
3756,6.59E+07
3759,6.56E+07
3762,6.56E+07
3765,6.59E+07
3768,6.59E+07
3771,6.59E+07
3774,6.58E+07
3777,6.58E+07
3780,6.58E+07
3783,6.59E+07
3786,6.58E+07
3789,6.60E+07
3792,6.59E+07
3795,6.59E+07
3798,6.59E+07
3801,6.58E+07
3804,6.57E+07
3807,6.59E+07
3810,6.58E+07
3813,6.59E+07
3816,6.58E+07
3819,6.58E+07
3822,6.59E+07
3825,6.58E+07
3828,6.59E+07
3831,6.59E+07
3834,6.58E+07
3837,6.58E+07
3840,6.59E+07
3843,6.59E+07
3846,6.59E+07
3849,6.58E+07
3852,6.59E+07
3855,6.57E+07
3858,6.58E+07
3861,6.58E+07
3864,6.58E+07
3867,6.58E+07
3870,6.58E+07
3873,6.58E+07
3876,6.57E+07
3879,6.58E+07
3882,6.58E+07
3885,6.58E+07
3888,6.57E+07
3891,6.56E+07
3894,6.58E+07
3897,6.58E+07
3900,6.57E+07
3903,6.56E+07
3906,6.58E+07
3909,6.60E+07
3912,6.57E+07
3915,6.59E+07
3918,6.57E+07
3921,6.58E+07
3924,6.59E+07
3927,6.58E+07
3930,6.59E+07
3933,6.58E+07
3936,6.58E+07
3939,6.59E+07
3942,6.57E+07
3945,6.57E+07
3948,6.58E+07
3951,6.57E+07
3954,6.58E+07
3957,6.58E+07
3960,6.59E+07
3963,6.56E+07
3966,6.58E+07
3969,6.58E+07
3972,6.58E+07
3975,6.58E+07
3978,6.58E+07
3981,6.56E+07
3984,6.58E+07
3987,6.59E+07
3990,6.59E+07
3993,6.59E+07
3996,6.58E+07
3999,6.58E+07
4002,6.58E+07
4005,6.58E+07
4008,6.57E+07
4011,6.58E+07
4014,6.56E+07
4017,6.58E+07
4020,6.57E+07
4023,6.56E+07
4026,6.57E+07
4029,6.58E+07
4032,6.58E+07
4035,6.57E+07
4038,6.58E+07
4041,6.58E+07
4044,6.58E+07
4047,6.57E+07
4050,6.57E+07
4053,6.57E+07
4056,6.58E+07
4059,6.58E+07
4062,6.59E+07
4065,6.57E+07
4068,6.56E+07
4071,6.57E+07
4074,6.58E+07
4077,6.57E+07
4080,6.58E+07
4083,6.59E+07
4086,6.57E+07
4089,6.57E+07
4092,6.57E+07
4095,6.58E+07
4098,6.57E+07
4101,6.58E+07
4104,6.57E+07
4107,6.57E+07
4110,6.57E+07
4113,6.59E+07
4116,6.57E+07
4119,6.58E+07
4122,6.57E+07
4125,6.59E+07
4128,6.56E+07
4131,6.58E+07
4134,6.58E+07
4137,6.57E+07
4140,6.58E+07
4143,6.58E+07
4146,6.58E+07
4149,6.57E+07
4152,6.58E+07
4155,6.56E+07
4158,6.59E+07
4161,6.57E+07
4164,6.58E+07
4167,6.58E+07
4170,6.58E+07
4173,6.58E+07
4176,6.59E+07
4179,6.58E+07
4182,6.58E+07
4185,6.57E+07
4188,6.59E+07
4191,6.57E+07
4194,6.57E+07
4197,6.59E+07
4200,6.57E+07
4203,6.58E+07
4206,6.58E+07
4209,6.57E+07
4212,6.57E+07
4215,6.57E+07
4218,6.58E+07
4221,6.57E+07
4224,6.56E+07
4227,6.57E+07
4230,6.57E+07
4233,6.57E+07
4236,6.58E+07
4239,6.57E+07
4242,6.58E+07
4245,6.56E+07
4248,6.57E+07
4251,6.59E+07
4254,6.59E+07
4257,6.58E+07
4260,6.56E+07
4263,6.58E+07
4266,6.55E+07
4269,6.59E+07
4272,6.56E+07
4275,6.57E+07
4278,6.57E+07
4281,6.59E+07
4284,6.59E+07
4287,6.58E+07
4290,6.57E+07
4293,6.56E+07
4296,6.58E+07
4299,6.58E+07
4302,6.57E+07
4305,6.58E+07
4308,6.57E+07
4311,6.56E+07
4314,6.56E+07
4317,6.56E+07
4320,6.57E+07
4323,6.56E+07
4326,6.57E+07
4329,6.56E+07
4332,6.57E+07
4335,6.57E+07
4338,6.56E+07
4341,6.57E+07
4344,6.58E+07
4347,6.57E+07
4350,6.57E+07
4353,6.58E+07
4356,6.58E+07
4359,6.57E+07
4362,6.56E+07
4365,6.56E+07
4368,6.57E+07
4371,6.58E+07
4374,6.57E+07
4377,6.55E+07
4380,6.56E+07
4383,6.55E+07
4386,6.58E+07
4389,6.56E+07
4392,6.57E+07
4395,6.58E+07
4398,6.56E+07
4401,6.58E+07
4404,6.55E+07
4407,6.57E+07
4410,6.59E+07
4413,6.58E+07
4416,6.57E+07
4419,6.56E+07
4422,6.57E+07
4425,6.57E+07
4428,6.56E+07
4431,6.57E+07
4434,6.56E+07
4437,6.57E+07
4440,6.58E+07
4443,6.56E+07
4446,6.56E+07
4449,6.57E+07
4452,6.57E+07
4455,6.57E+07
4458,6.56E+07
4461,6.59E+07
4464,6.58E+07
4467,6.56E+07
4470,6.56E+07
4473,6.56E+07
4476,6.56E+07
4479,6.55E+07
4482,6.56E+07
4485,6.56E+07
4488,6.57E+07
4491,6.57E+07
4494,6.56E+07
4497,6.57E+07
4500,6.56E+07
4503,6.55E+07
4506,6.56E+07
4509,6.58E+07
4512,6.56E+07
4515,6.56E+07
4518,6.58E+07
4521,6.58E+07
4524,6.58E+07
4527,6.56E+07
4530,6.57E+07
4533,6.56E+07
4536,6.56E+07
4539,6.56E+07
4542,6.56E+07
4545,6.56E+07
4548,6.55E+07
4551,6.57E+07
4554,6.56E+07
4557,6.56E+07
4560,6.56E+07
4563,6.56E+07
4566,6.55E+07
4569,6.55E+07
4572,6.55E+07
4575,6.56E+07
4578,6.56E+07
4581,6.56E+07
4584,6.55E+07
4587,6.57E+07
4590,6.57E+07
4593,6.56E+07
4596,6.58E+07
4599,6.55E+07
4602,6.57E+07
4605,6.57E+07
4608,6.56E+07
4611,6.57E+07
4614,6.57E+07
4617,6.55E+07
4620,6.55E+07
4623,6.55E+07
4626,6.56E+07
4629,6.56E+07
4632,6.56E+07
4635,6.57E+07
4638,6.56E+07
4641,6.56E+07
4644,6.56E+07
4647,6.56E+07
4650,6.55E+07
4653,6.55E+07
4656,6.54E+07
4659,6.57E+07
4662,6.56E+07
4665,6.56E+07
4668,6.55E+07
4671,6.55E+07
4674,6.57E+07
4677,6.56E+07
4680,6.56E+07
4683,6.56E+07
4686,6.55E+07
4689,6.57E+07
4692,6.56E+07
4695,6.55E+07
4698,6.57E+07
4701,6.57E+07
4704,6.57E+07
4707,6.55E+07
4710,6.56E+07
4713,6.57E+07
4716,6.57E+07
4719,6.56E+07
4722,6.55E+07
4725,6.57E+07
4728,6.56E+07
4731,6.57E+07
4734,6.57E+07
4737,6.57E+07
4740,6.57E+07
4743,6.57E+07
4746,6.56E+07
4749,6.57E+07
4752,6.57E+07
4755,6.58E+07
4758,6.56E+07
4761,6.56E+07
4764,6.56E+07
4767,6.55E+07
4770,6.55E+07
4773,6.57E+07
4776,6.56E+07
4779,6.54E+07
4782,6.56E+07
4785,6.55E+07
4788,6.56E+07
4791,6.56E+07
4794,6.57E+07
4797,6.55E+07
4800,6.55E+07
4803,6.56E+07
4806,6.54E+07
4809,6.56E+07
4812,6.57E+07
4815,6.55E+07
4818,6.56E+07
4821,6.55E+07
4824,6.58E+07
4827,6.56E+07
4830,6.56E+07
4833,6.55E+07
4836,6.56E+07
4839,6.56E+07
4842,6.58E+07
4845,6.56E+07
4848,6.55E+07
4851,6.56E+07
4854,6.55E+07
4857,6.55E+07
4860,6.57E+07
4863,6.56E+07
4866,6.55E+07
4869,6.56E+07
4872,6.55E+07
4875,6.56E+07
4878,6.56E+07
4881,6.55E+07
4884,6.56E+07
4887,6.56E+07
4890,6.54E+07
4893,6.55E+07
4896,6.55E+07
4899,6.54E+07
4902,6.55E+07
4905,6.57E+07
4908,6.56E+07
4911,6.55E+07
4914,6.55E+07
4917,6.55E+07
4920,6.56E+07
4923,6.55E+07
4926,6.53E+07
4929,6.54E+07
4932,6.55E+07
4935,6.56E+07
4938,6.55E+07
4941,6.54E+07
4944,6.54E+07
4947,6.55E+07
4950,6.55E+07
4953,6.55E+07
4956,6.56E+07
4959,6.55E+07
4962,6.56E+07
4965,6.56E+07
4968,6.55E+07
4971,6.56E+07
4974,6.55E+07
4977,6.54E+07
4980,6.56E+07
4983,6.55E+07
4986,6.56E+07
4989,6.55E+07
4992,6.55E+07
4995,6.55E+07
4998,6.55E+07
5001,6.55E+07
5004,6.55E+07
5007,6.55E+07
5010,6.54E+07
5013,6.53E+07
5016,6.55E+07
5019,6.55E+07
5022,6.55E+07
5025,6.56E+07
5028,6.55E+07
5031,6.55E+07
5034,6.56E+07
5037,6.55E+07
5040,6.55E+07
5043,6.56E+07
5046,6.56E+07
5049,6.55E+07
5052,6.57E+07
5055,6.55E+07
5058,6.54E+07
5061,6.56E+07
5064,6.56E+07
5067,6.54E+07
5070,6.54E+07
5073,6.55E+07
5076,6.55E+07
5079,6.54E+07
5082,6.54E+07
5085,6.55E+07
5088,6.54E+07
5091,6.58E+07
5094,6.54E+07
5097,6.54E+07
5100,6.56E+07
5103,6.53E+07
5106,6.55E+07
5109,6.55E+07
5112,6.56E+07
5115,6.55E+07
5118,6.55E+07
5121,6.55E+07
5124,6.54E+07
5127,6.53E+07
5130,6.56E+07
5133,6.56E+07
5136,6.56E+07
5139,6.55E+07
5142,6.55E+07
5145,6.53E+07
5148,6.53E+07
5151,6.55E+07
5154,6.55E+07
5157,6.55E+07
5160,6.54E+07
5163,6.54E+07
5166,6.55E+07
5169,6.56E+07
5172,6.54E+07
5175,6.54E+07
5178,6.55E+07
5181,6.55E+07
5184,6.54E+07
5187,6.54E+07
5190,6.55E+07
5193,6.56E+07
5196,6.53E+07
5199,6.56E+07
5202,6.54E+07
5205,6.54E+07
5208,6.54E+07
5211,6.54E+07
5214,6.56E+07
5217,6.54E+07
5220,6.56E+07
5223,6.53E+07
5226,6.55E+07
5229,6.56E+07
5232,6.54E+07
5235,6.54E+07
5238,6.55E+07
5241,6.55E+07
5244,6.54E+07
5247,6.55E+07
5250,6.55E+07
5253,6.54E+07
5256,6.53E+07
5259,6.55E+07
5262,6.55E+07
5265,6.56E+07
5268,6.56E+07
5271,6.55E+07
5274,6.55E+07
5277,6.56E+07
5280,6.55E+07
5283,6.54E+07
5286,6.53E+07
5289,6.54E+07
5292,6.52E+07
5295,6.55E+07
5298,6.55E+07
5301,6.54E+07
5304,6.54E+07
5307,6.54E+07
5310,6.55E+07
5313,6.53E+07
5316,6.54E+07
5319,6.54E+07
5322,6.53E+07
5325,6.55E+07
5328,6.54E+07
5331,6.54E+07
5334,6.53E+07
5337,6.54E+07
5340,6.54E+07
5343,6.55E+07
5346,6.54E+07
5349,6.54E+07
5352,6.53E+07
5355,6.54E+07
5358,6.55E+07
5361,6.54E+07
5364,6.54E+07
5367,6.52E+07
5370,6.54E+07
5373,6.54E+07
5376,6.55E+07
5379,6.53E+07
5382,6.54E+07
5385,6.53E+07
5388,6.56E+07
5391,6.55E+07
5394,6.54E+07
5397,6.55E+07
5400,6.53E+07
5403,6.53E+07
5406,6.54E+07
5409,6.55E+07
5412,6.54E+07
5415,6.53E+07
5418,6.54E+07
5421,6.55E+07
5424,6.53E+07
5427,6.53E+07
5430,6.54E+07
5433,6.53E+07
5436,6.53E+07
5439,6.53E+07
5442,6.55E+07
5445,6.54E+07
5448,6.53E+07
5451,6.55E+07
5454,6.53E+07
5457,6.53E+07
5460,6.55E+07
5463,6.55E+07
5466,6.55E+07
5469,6.53E+07
5472,6.54E+07
5475,6.54E+07
5478,6.55E+07
5481,6.53E+07
5484,6.52E+07
5487,6.54E+07
5490,6.53E+07
5493,6.55E+07
5496,6.53E+07
5499,6.55E+07
5502,6.53E+07
5505,6.54E+07
5508,6.54E+07
5511,6.55E+07
5514,6.54E+07
5517,6.53E+07
5520,6.53E+07
5523,6.55E+07
5526,6.55E+07
5529,6.52E+07
5532,6.54E+07
5535,6.54E+07
5538,6.54E+07
5541,6.53E+07
5544,6.53E+07
5547,6.54E+07
5550,6.52E+07
5553,6.55E+07
5556,6.53E+07
5559,6.54E+07
5562,6.55E+07
5565,6.52E+07
5568,6.53E+07
5571,6.55E+07
5574,6.55E+07
5577,6.54E+07
5580,6.53E+07
5583,6.55E+07
5586,6.54E+07
5589,6.54E+07
5592,6.53E+07
5595,6.53E+07
5598,6.53E+07
5601,6.52E+07
5604,6.54E+07
5607,6.54E+07
5610,6.55E+07
5613,6.54E+07
5616,6.53E+07
5619,6.52E+07
5622,6.53E+07
5625,6.53E+07
5628,6.52E+07
5631,6.53E+07
5634,6.54E+07
5637,6.52E+07
5640,6.53E+07
5643,6.53E+07
5646,6.53E+07
5649,6.55E+07
5652,6.53E+07
5655,6.54E+07
5658,6.55E+07
5661,6.52E+07
5664,6.52E+07
5667,6.54E+07
5670,6.53E+07
5673,6.55E+07
5676,6.55E+07
5679,6.54E+07
5682,6.54E+07
5685,6.53E+07
5688,6.54E+07
5691,6.55E+07
5694,6.53E+07
5697,6.55E+07
5700,6.53E+07
5703,6.53E+07
5706,6.54E+07
5709,6.54E+07
5712,6.53E+07
5715,6.52E+07
5718,6.51E+07
5721,6.54E+07
5724,6.52E+07
5727,6.52E+07
5730,6.54E+07
5733,6.54E+07
5736,6.54E+07
5739,6.53E+07
5742,6.53E+07
5745,6.53E+07
5748,6.54E+07
5751,6.51E+07
5754,6.53E+07
5757,6.53E+07
5760,6.53E+07
5763,6.54E+07
5766,6.53E+07
5769,6.54E+07
5772,6.53E+07
5775,6.52E+07
5778,6.53E+07
5781,6.53E+07
5784,6.51E+07
5787,6.53E+07
5790,6.53E+07
5793,6.53E+07
5796,6.52E+07
5799,6.52E+07
5802,6.52E+07
5805,6.54E+07
5808,6.53E+07
5811,6.53E+07
5814,6.53E+07
5817,6.53E+07
5820,6.53E+07
5823,6.54E+07
5826,6.51E+07
5829,6.53E+07
5832,6.53E+07
5835,6.54E+07
5838,6.54E+07
5841,6.52E+07
5844,6.51E+07
5847,6.53E+07
5850,6.52E+07
5853,6.53E+07
5856,6.54E+07
5859,6.52E+07
5862,6.53E+07
5865,6.53E+07
5868,6.52E+07
5871,6.52E+07
5874,6.53E+07
5877,6.52E+07
5880,6.53E+07
5883,6.52E+07
5886,6.53E+07
5889,6.52E+07
5892,6.53E+07
5895,6.51E+07
5898,6.52E+07
5901,6.52E+07
5904,6.53E+07
5907,6.53E+07
5910,6.52E+07
5913,6.54E+07
5916,6.53E+07
5919,6.52E+07
5922,6.53E+07
5925,6.52E+07
5928,6.53E+07
5931,6.53E+07
5934,6.53E+07
5937,6.51E+07
5940,6.53E+07
5943,6.52E+07
5946,6.52E+07
5949,6.53E+07
5952,6.55E+07
5955,6.53E+07
