9,7.96E+06,6.54E+06,6.33E+06
12,8.16E+06,6.81E+06,6.48E+06
15,8.28E+06,7.06E+06,6.69E+06
18,8.46E+06,7.25E+06,6.90E+06
21,8.66E+06,7.50E+06,7.04E+06
24,8.81E+06,7.63E+06,7.21E+06
27,8.96E+06,7.85E+06,7.35E+06
30,9.06E+06,8.05E+06,7.57E+06
33,9.30E+06,8.22E+06,7.66E+06
36,9.44E+06,8.37E+06,7.86E+06
39,9.61E+06,8.52E+06,7.97E+06
42,9.75E+06,8.68E+06,8.13E+06
45,9.85E+06,8.84E+06,8.24E+06
48,1.00E+07,8.96E+06,8.38E+06
51,1.02E+07,9.13E+06,8.53E+06
54,1.03E+07,9.33E+06,8.64E+06
57,1.04E+07,9.41E+06,8.80E+06
60,1.06E+07,9.58E+06,8.90E+06
63,1.06E+07,9.73E+06,9.03E+06
66,1.07E+07,9.88E+06,9.15E+06
69,1.08E+07,1.00E+07,9.27E+06
72,1.09E+07,1.01E+07,9.40E+06
75,1.11E+07,1.02E+07,9.52E+06
78,1.12E+07,1.04E+07,9.58E+06
81,1.13E+07,1.05E+07,9.73E+06
84,1.15E+07,1.07E+07,9.81E+06
87,1.16E+07,1.08E+07,9.95E+06
90,1.16E+07,1.09E+07,1.01E+07
93,1.17E+07,1.10E+07,1.02E+07
96,1.19E+07,1.11E+07,1.03E+07
99,1.20E+07,1.12E+07,1.04E+07
102,1.20E+07,1.14E+07,1.05E+07
105,1.22E+07,1.14E+07,1.06E+07
108,1.22E+07,1.15E+07,1.07E+07
111,1.23E+07,1.16E+07,1.08E+07
114,1.24E+07,1.18E+07,1.09E+07
117,1.26E+07,1.19E+07,1.10E+07
120,1.27E+07,1.20E+07,1.11E+07
123,1.28E+07,1.21E+07,1.11E+07
126,1.29E+07,1.22E+07,1.13E+07
129,1.30E+07,1.23E+07,1.14E+07
132,1.31E+07,1.24E+07,1.15E+07
135,1.32E+07,1.25E+07,1.16E+07
138,1.32E+07,1.26E+07,1.17E+07
141,1.34E+07,1.27E+07,1.18E+07
144,1.35E+07,1.28E+07,1.20E+07
147,1.35E+07,1.30E+07,1.20E+07
150,1.36E+07,1.30E+07,1.21E+07
153,1.38E+07,1.31E+07,1.22E+07
156,1.38E+07,1.32E+07,1.23E+07
159,1.39E+07,1.33E+07,1.23E+07
162,1.41E+07,1.34E+07,1.25E+07
165,1.41E+07,1.35E+07,1.25E+07
168,1.42E+07,1.36E+07,1.26E+07
171,1.43E+07,1.37E+07,1.27E+07
174,1.44E+07,1.38E+07,1.28E+07
177,1.45E+07,1.39E+07,1.29E+07
180,1.46E+07,1.40E+07,1.29E+07
183,1.47E+07,1.41E+07,1.31E+07
186,1.48E+07,1.42E+07,1.32E+07
189,1.49E+07,1.43E+07,1.32E+07
192,1.50E+07,1.44E+07,1.34E+07
195,1.51E+07,1.45E+07,1.35E+07
198,1.51E+07,1.45E+07,1.35E+07
201,1.52E+07,1.46E+07,1.36E+07
204,1.53E+07,1.47E+07,1.37E+07
207,1.53E+07,1.49E+07,1.38E+07
210,1.55E+07,1.49E+07,1.38E+07
213,1.56E+07,1.50E+07,1.39E+07
216,1.56E+07,1.51E+07,1.40E+07
219,1.57E+07,1.52E+07,1.41E+07
222,1.58E+07,1.53E+07,1.42E+07
225,1.59E+07,1.54E+07,1.43E+07
228,1.60E+07,1.54E+07,1.44E+07
231,1.61E+07,1.56E+07,1.44E+07
234,1.62E+07,1.56E+07,1.45E+07
237,1.62E+07,1.57E+07,1.45E+07
240,1.64E+07,1.58E+07,1.47E+07
243,1.64E+07,1.59E+07,1.48E+07
246,1.65E+07,1.60E+07,1.49E+07
249,1.65E+07,1.61E+07,1.48E+07
252,1.67E+07,1.62E+07,1.50E+07
255,1.68E+07,1.62E+07,1.51E+07
258,1.68E+07,1.63E+07,1.51E+07
261,1.70E+07,1.64E+07,1.52E+07
264,1.70E+07,1.65E+07,1.53E+07
267,1.71E+07,1.66E+07,1.54E+07
270,1.72E+07,1.66E+07,1.54E+07
273,1.73E+07,1.67E+07,1.55E+07
276,1.73E+07,1.68E+07,1.56E+07
279,1.74E+07,1.69E+07,1.57E+07
282,1.75E+07,1.70E+07,1.58E+07
285,1.75E+07,1.71E+07,1.59E+07
288,1.77E+07,1.71E+07,1.59E+07
291,1.78E+07,1.72E+07,1.60E+07
294,1.78E+07,1.73E+07,1.61E+07
297,1.79E+07,1.74E+07,1.62E+07
300,1.80E+07,1.75E+07,1.62E+07
303,1.80E+07,1.75E+07,1.63E+07
306,1.82E+07,1.75E+07,1.64E+07
309,1.83E+07,1.77E+07,1.64E+07
312,1.83E+07,1.78E+07,1.65E+07
315,1.84E+07,1.78E+07,1.66E+07
318,1.85E+07,1.80E+07,1.66E+07
321,1.85E+07,1.80E+07,1.68E+07
324,1.86E+07,1.81E+07,1.69E+07
327,1.87E+07,1.81E+07,1.68E+07
330,1.87E+07,1.82E+07,1.69E+07
333,1.89E+07,1.83E+07,1.71E+07
336,1.89E+07,1.84E+07,1.70E+07
339,1.90E+07,1.85E+07,1.72E+07
342,1.90E+07,1.86E+07,1.72E+07
345,1.92E+07,1.86E+07,1.74E+07
348,1.92E+07,1.87E+07,1.74E+07
351,1.94E+07,1.88E+07,1.75E+07
354,1.94E+07,1.89E+07,1.75E+07
357,1.94E+07,1.89E+07,1.76E+07
360,1.95E+07,1.89E+07,1.77E+07
363,1.97E+07,1.90E+07,1.77E+07
366,1.97E+07,1.91E+07,1.78E+07
369,1.98E+07,1.93E+07,1.79E+07
372,1.98E+07,1.93E+07,1.80E+07
375,2.00E+07,1.95E+07,1.80E+07
378,2.00E+07,1.94E+07,1.81E+07
381,2.01E+07,1.95E+07,1.82E+07
384,2.02E+07,1.96E+07,1.82E+07
387,2.03E+07,1.96E+07,1.83E+07
390,2.04E+07,1.99E+07,1.83E+07
393,2.05E+07,1.98E+07,1.84E+07
396,2.05E+07,2.00E+07,1.86E+07
399,2.05E+07,2.01E+07,1.87E+07
402,2.07E+07,2.01E+07,1.87E+07
405,2.07E+07,2.00E+07,1.88E+07
408,2.08E+07,2.02E+07,1.88E+07
411,2.08E+07,2.03E+07,1.89E+07
414,2.09E+07,2.04E+07,1.90E+07
417,2.10E+07,2.05E+07,1.90E+07
420,2.11E+07,2.05E+07,1.90E+07
423,2.12E+07,2.07E+07,1.91E+07
426,2.12E+07,2.06E+07,1.92E+07
429,2.13E+07,2.07E+07,1.94E+07
432,2.13E+07,2.09E+07,1.94E+07
435,2.15E+07,2.08E+07,1.95E+07
438,2.15E+07,2.09E+07,1.95E+07
441,2.16E+07,2.10E+07,1.96E+07
444,2.16E+07,2.11E+07,1.96E+07
447,2.17E+07,2.11E+07,1.96E+07
450,2.18E+07,2.12E+07,1.98E+07
453,2.19E+07,2.13E+07,1.97E+07
456,2.19E+07,2.13E+07,1.99E+07
459,2.21E+07,2.14E+07,1.99E+07
462,2.21E+07,2.15E+07,2.00E+07
465,2.21E+07,2.16E+07,2.01E+07
468,2.22E+07,2.17E+07,2.01E+07
471,2.23E+07,2.18E+07,2.02E+07
474,2.24E+07,2.18E+07,2.03E+07
477,2.24E+07,2.18E+07,2.03E+07
480,2.25E+07,2.19E+07,2.04E+07
483,2.26E+07,2.20E+07,2.04E+07
486,2.27E+07,2.21E+07,2.05E+07
489,2.27E+07,2.21E+07,2.06E+07
492,2.27E+07,2.22E+07,2.06E+07
495,2.28E+07,2.23E+07,2.07E+07
498,2.30E+07,2.23E+07,2.08E+07
501,2.29E+07,2.24E+07,2.09E+07
504,2.31E+07,2.25E+07,2.09E+07
507,2.32E+07,2.25E+07,2.09E+07
510,2.32E+07,2.27E+07,2.10E+07
513,2.33E+07,2.27E+07,2.10E+07
516,2.33E+07,2.28E+07,2.11E+07
519,2.34E+07,2.28E+07,2.12E+07
522,2.35E+07,2.28E+07,2.12E+07
525,2.35E+07,2.29E+07,2.14E+07
528,2.36E+07,2.30E+07,2.14E+07
531,2.37E+07,2.30E+07,2.14E+07
534,2.37E+07,2.31E+07,2.15E+07
537,2.38E+07,2.32E+07,2.16E+07
540,2.38E+07,2.33E+07,2.15E+07
543,2.40E+07,2.33E+07,2.16E+07
546,2.40E+07,2.34E+07,2.17E+07
549,2.40E+07,2.34E+07,2.17E+07
552,2.41E+07,2.35E+07,2.19E+07
555,2.42E+07,2.34E+07,2.19E+07
558,2.43E+07,2.36E+07,2.20E+07
561,2.44E+07,2.36E+07,2.20E+07
564,2.44E+07,2.37E+07,2.21E+07
567,2.44E+07,2.37E+07,2.21E+07
570,2.45E+07,2.38E+07,2.22E+07
573,2.45E+07,2.39E+07,2.22E+07
576,2.46E+07,2.39E+07,2.22E+07
579,2.47E+07,2.40E+07,2.24E+07
582,2.48E+07,2.40E+07,2.23E+07
585,2.48E+07,2.41E+07,2.25E+07
588,2.48E+07,2.42E+07,2.26E+07
591,2.49E+07,2.42E+07,2.25E+07
594,2.50E+07,2.44E+07,2.26E+07
597,2.51E+07,2.43E+07,2.27E+07
600,2.51E+07,2.45E+07,2.28E+07
603,2.52E+07,2.44E+07,2.29E+07
606,2.52E+07,2.45E+07,2.28E+07
609,2.53E+07,2.46E+07,2.30E+07
612,2.55E+07,2.46E+07,2.30E+07
615,2.54E+07,2.47E+07,2.31E+07
618,2.55E+07,2.48E+07,2.31E+07
621,2.56E+07,2.48E+07,2.31E+07
624,2.56E+07,2.49E+07,2.31E+07
627,2.56E+07,2.49E+07,2.33E+07
630,2.58E+07,2.50E+07,2.33E+07
633,2.58E+07,2.51E+07,2.33E+07
636,2.58E+07,2.51E+07,2.35E+07
639,2.59E+07,2.51E+07,2.35E+07
642,2.60E+07,2.51E+07,2.35E+07
645,2.60E+07,2.53E+07,2.36E+07
648,2.60E+07,2.54E+07,2.36E+07
651,2.61E+07,2.53E+07,2.37E+07
654,2.62E+07,2.55E+07,2.37E+07
657,2.63E+07,2.55E+07,2.38E+07
660,2.63E+07,2.56E+07,2.39E+07
663,2.64E+07,2.57E+07,2.39E+07
666,2.63E+07,2.56E+07,2.40E+07
669,2.65E+07,2.57E+07,2.40E+07
672,2.65E+07,2.57E+07,2.40E+07
675,2.66E+07,2.58E+07,2.42E+07
678,2.67E+07,2.59E+07,2.42E+07
681,2.67E+07,2.59E+07,2.43E+07
684,2.68E+07,2.60E+07,2.43E+07
687,2.69E+07,2.61E+07,2.43E+07
690,2.68E+07,2.62E+07,2.44E+07
693,2.69E+07,2.61E+07,2.44E+07
696,2.69E+07,2.62E+07,2.44E+07
699,2.70E+07,2.63E+07,2.45E+07
702,2.71E+07,2.63E+07,2.46E+07
705,2.72E+07,2.63E+07,2.47E+07
708,2.71E+07,2.64E+07,2.46E+07
711,2.73E+07,2.65E+07,2.47E+07
714,2.73E+07,2.66E+07,2.48E+07
717,2.73E+07,2.66E+07,2.49E+07
720,2.74E+07,2.67E+07,2.49E+07
723,2.75E+07,2.66E+07,2.50E+07
726,2.76E+07,2.67E+07,2.50E+07
729,2.76E+07,2.68E+07,2.50E+07
732,2.76E+07,2.69E+07,2.50E+07
735,2.77E+07,2.69E+07,2.52E+07
738,2.77E+07,2.69E+07,2.52E+07
741,2.77E+07,2.70E+07,2.52E+07
744,2.78E+07,2.70E+07,2.52E+07
747,2.78E+07,2.70E+07,2.53E+07
750,2.79E+07,2.72E+07,2.53E+07
753,2.80E+07,2.71E+07,2.54E+07
756,2.81E+07,2.71E+07,2.54E+07
759,2.81E+07,2.72E+07,2.55E+07
762,2.81E+07,2.74E+07,2.55E+07
765,2.83E+07,2.74E+07,2.57E+07
768,2.83E+07,2.75E+07,2.57E+07
771,2.83E+07,2.75E+07,2.56E+07
774,2.83E+07,2.76E+07,2.57E+07
777,2.84E+07,2.76E+07,2.59E+07
780,2.85E+07,2.75E+07,2.58E+07
783,2.85E+07,2.77E+07,2.59E+07
786,2.86E+07,2.78E+07,2.59E+07
789,2.86E+07,2.78E+07,2.60E+07
792,2.86E+07,2.78E+07,2.61E+07
795,2.87E+07,2.79E+07,2.61E+07
798,2.87E+07,2.79E+07,2.61E+07
801,2.88E+07,2.79E+07,2.62E+07
804,2.89E+07,2.79E+07,2.62E+07
807,2.89E+07,2.81E+07,2.63E+07
810,2.90E+07,2.82E+07,2.64E+07
813,2.89E+07,2.81E+07,2.63E+07
816,2.91E+07,2.82E+07,2.64E+07
819,2.92E+07,2.82E+07,2.65E+07
822,2.92E+07,2.84E+07,2.64E+07
825,2.92E+07,2.83E+07,2.65E+07
828,2.93E+07,2.83E+07,2.65E+07
831,2.93E+07,2.84E+07,2.66E+07
834,2.93E+07,2.84E+07,2.68E+07
837,2.94E+07,2.84E+07,2.65E+07
840,2.95E+07,2.86E+07,2.67E+07
843,2.94E+07,2.86E+07,2.69E+07
846,2.95E+07,2.86E+07,2.69E+07
849,2.97E+07,2.87E+07,2.69E+07
852,2.96E+07,2.87E+07,2.69E+07
855,2.96E+07,2.88E+07,2.70E+07
858,2.96E+07,2.88E+07,2.70E+07
861,2.97E+07,2.89E+07,2.71E+07
864,2.97E+07,2.89E+07,2.72E+07
867,2.98E+07,2.89E+07,2.72E+07
870,3.00E+07,2.91E+07,2.72E+07
873,3.00E+07,2.91E+07,2.72E+07
876,3.00E+07,2.91E+07,2.74E+07
879,3.01E+07,2.93E+07,2.73E+07
882,3.01E+07,2.92E+07,2.74E+07
885,3.01E+07,2.92E+07,2.75E+07
888,3.02E+07,2.93E+07,2.75E+07
891,3.03E+07,2.93E+07,2.75E+07
894,3.02E+07,2.93E+07,2.75E+07
897,3.03E+07,2.94E+07,2.76E+07
900,3.05E+07,2.95E+07,2.76E+07
903,3.05E+07,2.95E+07,2.76E+07
906,3.05E+07,2.96E+07,2.77E+07
909,3.05E+07,2.96E+07,2.78E+07
912,3.06E+07,2.97E+07,2.78E+07
915,3.07E+07,2.97E+07,2.78E+07
918,3.06E+07,2.98E+07,2.78E+07
921,3.07E+07,2.98E+07,2.79E+07
924,3.08E+07,2.98E+07,2.79E+07
927,3.08E+07,2.98E+07,2.79E+07
930,3.08E+07,2.99E+07,2.80E+07
933,3.09E+07,2.99E+07,2.80E+07
936,3.09E+07,3.00E+07,2.81E+07
939,3.10E+07,3.01E+07,2.81E+07
942,3.10E+07,3.02E+07,2.82E+07
945,3.10E+07,3.01E+07,2.82E+07
948,3.11E+07,3.01E+07,2.83E+07
951,3.12E+07,3.02E+07,2.83E+07
954,3.13E+07,3.02E+07,2.83E+07
957,3.13E+07,3.02E+07,2.84E+07
960,3.11E+07,3.04E+07,2.84E+07
963,3.13E+07,3.03E+07,2.85E+07
966,3.14E+07,3.04E+07,2.85E+07
969,3.14E+07,3.04E+07,2.85E+07
972,3.14E+07,3.05E+07,2.86E+07
975,3.15E+07,3.05E+07,2.86E+07
978,3.14E+07,3.05E+07,2.86E+07
981,3.17E+07,3.06E+07,2.87E+07
984,3.16E+07,3.07E+07,2.88E+07
987,3.16E+07,3.07E+07,2.88E+07
990,3.18E+07,3.08E+07,2.87E+07
993,3.18E+07,3.07E+07,2.88E+07
996,3.19E+07,3.07E+07,2.89E+07
999,3.19E+07,3.08E+07,2.90E+07
1002,3.18E+07,3.10E+07,2.89E+07
1005,3.19E+07,3.09E+07,2.90E+07
1008,3.19E+07,3.10E+07,2.89E+07
1011,3.19E+07,3.09E+07,2.91E+07
1014,3.21E+07,3.10E+07,2.90E+07
1017,3.20E+07,3.12E+07,2.91E+07
1020,3.22E+07,3.11E+07,2.92E+07
1023,3.22E+07,3.12E+07,2.92E+07
1026,3.22E+07,3.12E+07,2.93E+07
1029,3.22E+07,3.12E+07,2.93E+07
1032,3.23E+07,3.12E+07,2.94E+07
1035,3.23E+07,3.13E+07,2.94E+07
1038,3.23E+07,3.14E+07,2.94E+07
1041,3.25E+07,3.14E+07,2.95E+07
1044,3.25E+07,3.14E+07,2.96E+07
1047,3.24E+07,3.14E+07,2.96E+07
1050,3.25E+07,3.15E+07,2.95E+07
1053,3.25E+07,3.15E+07,2.96E+07
1056,3.26E+07,3.15E+07,2.96E+07
1059,3.27E+07,3.15E+07,2.97E+07
1062,3.27E+07,3.17E+07,2.97E+07
1065,3.27E+07,3.17E+07,2.98E+07
1068,3.27E+07,3.18E+07,2.98E+07
1071,3.28E+07,3.17E+07,2.98E+07
1074,3.28E+07,3.18E+07,2.99E+07
1077,3.29E+07,3.18E+07,2.98E+07
1080,3.29E+07,3.19E+07,2.99E+07
1083,3.30E+07,3.19E+07,2.99E+07
1086,3.30E+07,3.20E+07,3.00E+07
1089,3.31E+07,3.20E+07,3.00E+07
1092,3.30E+07,3.20E+07,3.01E+07
1095,3.31E+07,3.21E+07,3.01E+07
1098,3.32E+07,3.20E+07,3.02E+07
1101,3.31E+07,3.23E+07,3.02E+07
1104,3.31E+07,3.21E+07,3.02E+07
1107,3.32E+07,3.22E+07,3.02E+07
1110,3.32E+07,3.22E+07,3.03E+07
1113,3.33E+07,3.24E+07,3.02E+07
1116,3.34E+07,3.22E+07,3.04E+07
1119,3.34E+07,3.23E+07,3.03E+07
1122,3.34E+07,3.24E+07,3.04E+07
1125,3.35E+07,3.24E+07,3.04E+07
1128,3.35E+07,3.24E+07,3.04E+07
1131,3.34E+07,3.26E+07,3.06E+07
1134,3.36E+07,3.25E+07,3.05E+07
1137,3.36E+07,3.26E+07,3.05E+07
1140,3.37E+07,3.26E+07,3.06E+07
1143,3.36E+07,3.25E+07,3.06E+07
1146,3.35E+07,3.26E+07,3.07E+07
1149,3.37E+07,3.28E+07,3.07E+07
1152,3.37E+07,3.27E+07,3.08E+07
1155,3.38E+07,3.28E+07,3.08E+07
1158,3.39E+07,3.28E+07,3.08E+07
1161,3.39E+07,3.28E+07,3.09E+07
1164,3.39E+07,3.29E+07,3.09E+07
1167,3.39E+07,3.29E+07,3.09E+07
1170,3.40E+07,3.29E+07,3.09E+07
1173,3.41E+07,3.30E+07,3.10E+07
1176,3.41E+07,3.31E+07,3.11E+07
1179,3.41E+07,3.31E+07,3.11E+07
1182,3.41E+07,3.31E+07,3.11E+07
1185,3.42E+07,3.31E+07,3.11E+07
1188,3.41E+07,3.31E+07,3.12E+07
1191,3.42E+07,3.32E+07,3.12E+07
1194,3.43E+07,3.31E+07,3.12E+07
1197,3.42E+07,3.32E+07,3.12E+07
1200,3.45E+07,3.33E+07,3.13E+07
1203,3.44E+07,3.33E+07,3.13E+07
1206,3.44E+07,3.33E+07,3.14E+07
1209,3.44E+07,3.33E+07,3.14E+07
1212,3.46E+07,3.34E+07,3.14E+07
1215,3.46E+07,3.34E+07,3.15E+07
1218,3.45E+07,3.35E+07,3.14E+07
1221,3.45E+07,3.35E+07,3.15E+07
1224,3.45E+07,3.36E+07,3.15E+07
1227,3.46E+07,3.37E+07,3.16E+07
1230,3.48E+07,3.36E+07,3.16E+07
1233,3.46E+07,3.36E+07,3.16E+07
1236,3.47E+07,3.36E+07,3.18E+07
1239,3.48E+07,3.37E+07,3.17E+07
1242,3.49E+07,3.38E+07,3.19E+07
1245,3.48E+07,3.38E+07,3.17E+07
1248,3.49E+07,3.38E+07,3.18E+07
1251,3.49E+07,3.38E+07,3.18E+07
1254,3.49E+07,3.38E+07,3.19E+07
1257,3.50E+07,3.39E+07,3.19E+07
1260,3.50E+07,3.39E+07,3.19E+07
1263,3.49E+07,3.39E+07,3.18E+07
1266,3.51E+07,3.40E+07,3.20E+07
1269,3.51E+07,3.40E+07,3.20E+07
1272,3.51E+07,3.40E+07,3.21E+07
1275,3.52E+07,3.41E+07,3.21E+07
1278,3.52E+07,3.40E+07,3.22E+07
1281,3.52E+07,3.42E+07,3.21E+07
1284,3.53E+07,3.42E+07,3.23E+07
1287,3.53E+07,3.42E+07,3.22E+07
1290,3.53E+07,3.42E+07,3.22E+07
1293,3.55E+07,3.42E+07,3.22E+07
1296,3.54E+07,3.43E+07,3.23E+07
1299,3.55E+07,3.43E+07,3.24E+07
1302,3.56E+07,3.44E+07,3.24E+07
1305,3.56E+07,3.43E+07,3.24E+07
1308,3.55E+07,3.45E+07,3.24E+07
1311,3.56E+07,3.45E+07,3.25E+07
1314,3.57E+07,3.45E+07,3.24E+07
1317,3.56E+07,3.45E+07,3.25E+07
1320,3.56E+07,3.46E+07,3.26E+07
1323,3.57E+07,3.46E+07,3.24E+07
1326,3.56E+07,3.46E+07,3.26E+07
1329,3.58E+07,3.46E+07,3.26E+07
1332,3.58E+07,3.46E+07,3.26E+07
1335,3.57E+07,3.47E+07,3.26E+07
1338,3.58E+07,3.47E+07,3.26E+07
1341,3.58E+07,3.47E+07,3.28E+07
1344,3.60E+07,3.48E+07,3.27E+07
1347,3.59E+07,3.49E+07,3.28E+07
1350,3.60E+07,3.47E+07,3.29E+07
1353,3.61E+07,3.49E+07,3.29E+07
1356,3.60E+07,3.49E+07,3.30E+07
1359,3.59E+07,3.49E+07,3.29E+07
1362,3.61E+07,3.49E+07,3.29E+07
1365,3.62E+07,3.50E+07,3.30E+07
1368,3.62E+07,3.50E+07,3.30E+07
1371,3.62E+07,3.51E+07,3.30E+07
1374,3.61E+07,3.51E+07,3.30E+07
1377,3.63E+07,3.52E+07,3.32E+07
1380,3.62E+07,3.52E+07,3.30E+07
1383,3.63E+07,3.53E+07,3.32E+07
1386,3.63E+07,3.52E+07,3.32E+07
1389,3.64E+07,3.53E+07,3.32E+07
1392,3.64E+07,3.53E+07,3.32E+07
1395,3.64E+07,3.53E+07,3.32E+07
1398,3.64E+07,3.53E+07,3.33E+07
1401,3.65E+07,3.54E+07,3.33E+07
1404,3.65E+07,3.53E+07,3.33E+07
1407,3.64E+07,3.54E+07,3.33E+07
1410,3.66E+07,3.55E+07,3.33E+07
1413,3.67E+07,3.54E+07,3.35E+07
1416,3.66E+07,3.55E+07,3.34E+07
1419,3.67E+07,3.55E+07,3.34E+07
1422,3.67E+07,3.55E+07,3.35E+07
1425,3.67E+07,3.56E+07,3.34E+07
1428,3.66E+07,3.56E+07,3.35E+07
1431,3.67E+07,3.57E+07,3.36E+07
1434,3.68E+07,3.56E+07,3.36E+07
1437,3.69E+07,3.57E+07,3.36E+07
1440,3.69E+07,3.56E+07,3.37E+07
1443,3.69E+07,3.57E+07,3.37E+07
1446,3.69E+07,3.57E+07,3.37E+07
1449,3.69E+07,3.59E+07,3.36E+07
1452,3.69E+07,3.58E+07,3.37E+07
1455,3.70E+07,3.59E+07,3.38E+07
1458,3.70E+07,3.58E+07,3.39E+07
1461,3.70E+07,3.59E+07,3.38E+07
1464,3.71E+07,3.59E+07,3.38E+07
1467,3.71E+07,3.60E+07,3.38E+07
1470,3.71E+07,3.60E+07,3.38E+07
1473,3.72E+07,3.60E+07,3.40E+07
1476,3.72E+07,3.59E+07,3.40E+07
1479,3.71E+07,3.60E+07,3.40E+07
1482,3.73E+07,3.61E+07,3.40E+07
1485,3.73E+07,3.61E+07,3.40E+07
1488,3.73E+07,3.62E+07,3.39E+07
1491,3.73E+07,3.62E+07,3.41E+07
1494,3.73E+07,3.61E+07,3.42E+07
1497,3.74E+07,3.63E+07,3.41E+07
1500,3.74E+07,3.63E+07,3.41E+07
1503,3.73E+07,3.63E+07,3.43E+07
1506,3.75E+07,3.63E+07,3.42E+07
1509,3.75E+07,3.63E+07,3.43E+07
1512,3.76E+07,3.63E+07,3.42E+07
1515,3.75E+07,3.65E+07,3.44E+07
1518,3.76E+07,3.63E+07,3.43E+07
1521,3.75E+07,3.65E+07,3.43E+07
1524,3.76E+07,3.65E+07,3.43E+07
1527,3.76E+07,3.65E+07,3.44E+07
1530,3.76E+07,3.65E+07,3.45E+07
1533,3.76E+07,3.66E+07,3.45E+07
1536,3.77E+07,3.66E+07,3.44E+07
1539,3.77E+07,3.66E+07,3.45E+07
1542,3.78E+07,3.67E+07,3.46E+07
1545,3.77E+07,3.66E+07,3.45E+07
1548,3.79E+07,3.66E+07,3.46E+07
1551,3.79E+07,3.67E+07,3.46E+07
1554,3.78E+07,3.66E+07,3.47E+07
1557,3.79E+07,3.67E+07,3.47E+07
1560,3.81E+07,3.68E+07,3.47E+07
1563,3.79E+07,3.69E+07,3.46E+07
1566,3.80E+07,3.67E+07,3.47E+07
1569,3.81E+07,3.68E+07,3.47E+07
1572,3.80E+07,3.69E+07,3.48E+07
1575,3.81E+07,3.71E+07,3.49E+07
1578,3.80E+07,3.70E+07,3.48E+07
1581,3.80E+07,3.69E+07,3.48E+07
1584,3.82E+07,3.70E+07,3.49E+07
1587,3.81E+07,3.70E+07,3.49E+07
1590,3.81E+07,3.71E+07,3.50E+07
1593,3.82E+07,3.71E+07,3.49E+07
1596,3.82E+07,3.71E+07,3.49E+07
1599,3.82E+07,3.71E+07,3.50E+07
1602,3.82E+07,3.71E+07,3.49E+07
1605,3.82E+07,3.72E+07,3.50E+07
1608,3.82E+07,3.72E+07,3.51E+07
1611,3.84E+07,3.72E+07,3.51E+07
1614,3.84E+07,3.72E+07,3.51E+07
1617,3.84E+07,3.73E+07,3.51E+07
1620,3.85E+07,3.73E+07,3.51E+07
1623,3.86E+07,3.73E+07,3.51E+07
1626,3.86E+07,3.73E+07,3.52E+07
1629,3.86E+07,3.73E+07,3.52E+07
1632,3.85E+07,3.75E+07,3.53E+07
1635,3.86E+07,3.75E+07,3.53E+07
1638,3.86E+07,3.75E+07,3.53E+07
1641,3.85E+07,3.74E+07,3.54E+07
1644,3.86E+07,3.74E+07,3.54E+07
1647,3.85E+07,3.76E+07,3.53E+07
1650,3.87E+07,3.77E+07,3.54E+07
1653,3.87E+07,3.76E+07,3.53E+07
1656,3.88E+07,3.76E+07,3.54E+07
1659,3.87E+07,3.76E+07,3.56E+07
1662,3.87E+07,3.76E+07,3.55E+07
1665,3.87E+07,3.76E+07,3.55E+07
1668,3.88E+07,3.77E+07,3.56E+07
1671,3.87E+07,3.77E+07,3.55E+07
1674,3.89E+07,3.77E+07,3.56E+07
1677,3.88E+07,3.77E+07,3.55E+07
1680,3.89E+07,3.78E+07,3.56E+07
1683,3.88E+07,3.78E+07,3.56E+07
1686,3.89E+07,3.79E+07,3.56E+07
1689,3.89E+07,3.77E+07,3.58E+07
1692,3.89E+07,3.79E+07,3.58E+07
1695,3.90E+07,3.77E+07,3.58E+07
1698,3.90E+07,3.78E+07,3.57E+07
1701,3.91E+07,3.79E+07,3.59E+07
1704,3.91E+07,3.79E+07,3.57E+07
1707,3.93E+07,3.79E+07,3.58E+07
1710,3.92E+07,3.79E+07,3.59E+07
1713,3.92E+07,3.81E+07,3.59E+07
1716,3.91E+07,3.81E+07,3.58E+07
1719,3.93E+07,3.80E+07,3.59E+07
1722,3.92E+07,3.80E+07,3.59E+07
1725,3.92E+07,3.82E+07,3.60E+07
1728,3.93E+07,3.80E+07,3.61E+07
1731,3.94E+07,3.82E+07,3.59E+07
1734,3.94E+07,3.82E+07,3.59E+07
1737,3.94E+07,3.82E+07,3.60E+07
1740,3.93E+07,3.82E+07,3.62E+07
1743,3.94E+07,3.81E+07,3.62E+07
1746,3.95E+07,3.83E+07,3.61E+07
1749,3.96E+07,3.82E+07,3.62E+07
1752,3.95E+07,3.83E+07,3.62E+07
1755,3.95E+07,3.84E+07,3.62E+07
1758,3.96E+07,3.84E+07,3.62E+07
1761,3.95E+07,3.84E+07,3.62E+07
1764,3.95E+07,3.85E+07,3.62E+07
1767,3.97E+07,3.85E+07,3.62E+07
1770,3.96E+07,3.85E+07,3.63E+07
1773,3.96E+07,3.85E+07,3.63E+07
1776,3.97E+07,3.85E+07,3.64E+07
1779,3.98E+07,3.85E+07,3.64E+07
1782,3.97E+07,3.86E+07,3.64E+07
1785,3.98E+07,3.85E+07,3.66E+07
1788,3.96E+07,3.86E+07,3.64E+07
1791,3.98E+07,3.85E+07,3.64E+07
1794,3.99E+07,3.86E+07,3.64E+07
1797,3.98E+07,3.86E+07,3.65E+07
1800,3.98E+07,3.87E+07,3.65E+07
1803,3.98E+07,3.87E+07,3.66E+07
1806,3.98E+07,3.87E+07,3.65E+07
1809,3.99E+07,3.86E+07,3.66E+07
1812,4.00E+07,3.87E+07,3.66E+07
1815,3.99E+07,3.87E+07,3.66E+07
1818,4.00E+07,3.88E+07,3.67E+07
1821,4.00E+07,3.88E+07,3.67E+07
1824,4.01E+07,3.87E+07,3.67E+07
1827,4.00E+07,3.88E+07,3.68E+07
1830,4.00E+07,3.90E+07,3.67E+07
1833,4.00E+07,3.89E+07,3.67E+07
1836,4.01E+07,3.90E+07,3.68E+07
1839,4.01E+07,3.89E+07,3.67E+07
1842,4.01E+07,3.89E+07,3.67E+07
1845,4.01E+07,3.90E+07,3.68E+07
1848,4.02E+07,3.90E+07,3.69E+07
1851,4.02E+07,3.90E+07,3.69E+07
1854,4.02E+07,3.90E+07,3.69E+07
1857,4.03E+07,3.91E+07,3.68E+07
1860,4.03E+07,3.90E+07,3.68E+07
1863,4.02E+07,3.90E+07,3.69E+07
1866,4.03E+07,3.91E+07,3.69E+07
1869,4.02E+07,3.92E+07,3.70E+07
1872,4.04E+07,3.92E+07,3.70E+07
1875,4.03E+07,3.92E+07,3.70E+07
1878,4.04E+07,3.93E+07,3.71E+07
1881,4.04E+07,3.92E+07,3.72E+07
1884,4.04E+07,3.93E+07,3.72E+07
1887,4.05E+07,3.93E+07,3.72E+07
1890,4.04E+07,3.92E+07,3.72E+07
1893,4.05E+07,3.93E+07,3.72E+07
1896,4.05E+07,3.94E+07,3.73E+07
1899,4.05E+07,3.94E+07,3.73E+07
1902,4.06E+07,3.94E+07,3.73E+07
1905,4.05E+07,3.94E+07,3.73E+07
1908,4.07E+07,3.94E+07,3.73E+07
1911,4.07E+07,3.93E+07,3.74E+07
1914,4.07E+07,3.95E+07,3.73E+07
1917,4.07E+07,3.95E+07,3.73E+07
1920,4.07E+07,3.97E+07,3.73E+07
1923,4.06E+07,3.95E+07,3.74E+07
1926,4.07E+07,3.94E+07,3.75E+07
1929,4.08E+07,3.96E+07,3.74E+07
1932,4.08E+07,3.96E+07,3.74E+07
1935,4.07E+07,3.95E+07,3.74E+07
1938,4.08E+07,3.96E+07,3.74E+07
1941,4.10E+07,3.97E+07,3.75E+07
1944,4.09E+07,3.97E+07,3.74E+07
1947,4.08E+07,3.97E+07,3.76E+07
1950,4.08E+07,3.97E+07,3.76E+07
1953,4.08E+07,3.97E+07,3.76E+07
1956,4.09E+07,3.97E+07,3.76E+07
1959,4.10E+07,3.98E+07,3.75E+07
1962,4.09E+07,3.98E+07,3.76E+07
1965,4.10E+07,3.97E+07,3.77E+07
1968,4.11E+07,3.98E+07,3.75E+07
1971,4.10E+07,3.97E+07,3.78E+07
1974,4.09E+07,3.98E+07,3.77E+07
1977,4.10E+07,3.99E+07,3.78E+07
1980,4.10E+07,3.99E+07,3.78E+07
1983,4.11E+07,4.00E+07,3.78E+07
1986,4.09E+07,3.98E+07,3.78E+07
1989,4.11E+07,3.99E+07,3.77E+07
1992,4.12E+07,4.01E+07,3.79E+07
1995,4.10E+07,3.99E+07,3.80E+07
1998,4.11E+07,4.00E+07,3.79E+07
2001,4.12E+07,4.00E+07,3.78E+07
2004,4.12E+07,4.00E+07,3.78E+07
2007,4.12E+07,4.02E+07,3.78E+07
2010,4.13E+07,4.00E+07,3.79E+07
2013,4.13E+07,4.02E+07,3.80E+07
2016,4.13E+07,4.00E+07,3.79E+07
2019,4.14E+07,4.01E+07,3.82E+07
2022,4.14E+07,4.02E+07,3.81E+07
2025,4.13E+07,4.01E+07,3.80E+07
2028,4.13E+07,4.02E+07,3.79E+07
2031,4.14E+07,4.01E+07,3.80E+07
2034,4.14E+07,4.02E+07,3.81E+07
2037,4.15E+07,4.02E+07,3.82E+07
2040,4.14E+07,4.02E+07,3.81E+07
2043,4.15E+07,4.03E+07,3.82E+07
2046,4.14E+07,4.02E+07,3.81E+07
2049,4.15E+07,4.03E+07,3.81E+07
2052,4.16E+07,4.04E+07,3.82E+07
2055,4.16E+07,4.05E+07,3.82E+07
2058,4.16E+07,4.04E+07,3.83E+07
2061,4.17E+07,4.03E+07,3.83E+07
2064,4.17E+07,4.04E+07,3.84E+07
2067,4.15E+07,4.05E+07,3.83E+07
2070,4.17E+07,4.05E+07,3.83E+07
2073,4.17E+07,4.04E+07,3.83E+07
2076,4.17E+07,4.05E+07,3.84E+07
2079,4.17E+07,4.06E+07,3.83E+07
2082,4.18E+07,4.05E+07,3.83E+07
2085,4.19E+07,4.05E+07,3.84E+07
2088,4.17E+07,4.06E+07,3.83E+07
2091,4.18E+07,4.06E+07,3.84E+07
2094,4.19E+07,4.06E+07,3.84E+07
2097,4.18E+07,4.06E+07,3.85E+07
2100,4.17E+07,4.06E+07,3.85E+07
2103,4.18E+07,4.06E+07,3.85E+07
2106,4.19E+07,4.07E+07,3.85E+07
2109,4.19E+07,4.07E+07,3.85E+07
2112,4.19E+07,4.06E+07,3.85E+07
2115,4.18E+07,4.08E+07,3.86E+07
2118,4.19E+07,4.09E+07,3.85E+07
2121,4.20E+07,4.08E+07,3.86E+07
2124,4.19E+07,4.08E+07,3.86E+07
2127,4.22E+07,4.08E+07,3.86E+07
2130,4.20E+07,4.07E+07,3.86E+07
2133,4.20E+07,4.09E+07,3.87E+07
2136,4.20E+07,4.08E+07,3.87E+07
2139,4.21E+07,4.09E+07,3.88E+07
2142,4.21E+07,4.09E+07,3.87E+07
2145,4.21E+07,4.09E+07,3.88E+07
2148,4.21E+07,4.08E+07,3.88E+07
2151,4.22E+07,4.09E+07,3.89E+07
2154,4.20E+07,4.10E+07,3.89E+07
2157,4.21E+07,4.09E+07,3.88E+07
2160,4.22E+07,4.09E+07,3.88E+07
2163,4.22E+07,4.09E+07,3.89E+07
2166,4.22E+07,4.10E+07,3.89E+07
2169,4.22E+07,4.11E+07,3.89E+07
2172,4.23E+07,4.11E+07,3.88E+07
2175,4.24E+07,4.12E+07,3.89E+07
2178,4.23E+07,4.10E+07,3.90E+07
2181,4.24E+07,4.11E+07,3.89E+07
2184,4.24E+07,4.12E+07,3.89E+07
2187,4.24E+07,4.11E+07,3.90E+07
2190,4.23E+07,4.12E+07,3.91E+07
2193,4.24E+07,4.12E+07,3.90E+07
2196,4.24E+07,4.12E+07,3.91E+07
2199,4.23E+07,4.13E+07,3.90E+07
2202,4.24E+07,4.12E+07,3.91E+07
2205,4.24E+07,4.13E+07,3.91E+07
2208,4.24E+07,4.13E+07,3.91E+07
2211,4.25E+07,4.14E+07,3.92E+07
2214,4.24E+07,4.12E+07,3.91E+07
2217,4.27E+07,4.14E+07,3.92E+07
2220,4.24E+07,4.14E+07,3.91E+07
2223,4.24E+07,4.14E+07,3.92E+07
2226,4.25E+07,4.15E+07,3.92E+07
2229,4.25E+07,4.14E+07,3.92E+07
2232,4.26E+07,4.14E+07,3.93E+07
2235,4.25E+07,4.13E+07,3.92E+07
2238,4.26E+07,4.14E+07,3.94E+07
2241,4.27E+07,4.13E+07,3.93E+07
2244,4.26E+07,4.15E+07,3.93E+07
2247,4.27E+07,4.15E+07,3.93E+07
2250,4.27E+07,4.17E+07,3.93E+07
2253,4.27E+07,4.15E+07,3.94E+07
2256,4.27E+07,4.15E+07,3.93E+07
2259,4.27E+07,4.15E+07,3.94E+07
2262,4.27E+07,4.15E+07,3.94E+07
2265,4.28E+07,4.15E+07,3.93E+07
2268,4.28E+07,4.16E+07,3.94E+07
2271,4.28E+07,4.16E+07,3.95E+07
2274,4.29E+07,4.16E+07,3.95E+07
2277,4.29E+07,4.17E+07,3.95E+07
2280,4.29E+07,4.16E+07,3.95E+07
2283,4.28E+07,4.17E+07,3.95E+07
2286,4.28E+07,4.17E+07,3.95E+07
2289,4.29E+07,4.16E+07,3.95E+07
2292,4.29E+07,4.19E+07,3.96E+07
2295,4.30E+07,4.18E+07,3.95E+07
2298,4.30E+07,4.18E+07,3.96E+07
2301,4.31E+07,4.17E+07,3.96E+07
2304,4.31E+07,4.18E+07,3.95E+07
2307,4.30E+07,4.18E+07,3.96E+07
2310,4.30E+07,4.18E+07,3.97E+07
2313,4.31E+07,4.19E+07,3.96E+07
2316,4.31E+07,4.18E+07,3.97E+07
2319,4.31E+07,4.19E+07,3.96E+07
2322,4.31E+07,4.19E+07,3.98E+07
2325,4.31E+07,4.20E+07,3.97E+07
2328,4.32E+07,4.20E+07,3.98E+07
2331,4.32E+07,4.19E+07,3.98E+07
2334,4.31E+07,4.19E+07,3.97E+07
2337,4.33E+07,4.20E+07,3.98E+07
2340,4.33E+07,4.20E+07,3.98E+07
2343,4.32E+07,4.21E+07,3.99E+07
2346,4.32E+07,4.19E+07,3.98E+07
2349,4.32E+07,4.21E+07,3.98E+07
2352,4.32E+07,4.22E+07,3.99E+07
2355,4.33E+07,4.20E+07,3.98E+07
2358,4.33E+07,4.21E+07,3.99E+07
2361,4.33E+07,4.20E+07,3.99E+07
2364,4.33E+07,4.21E+07,4.00E+07
2367,4.35E+07,4.22E+07,3.99E+07
2370,4.34E+07,4.21E+07,4.00E+07
2373,4.33E+07,4.21E+07,3.99E+07
2376,4.34E+07,4.22E+07,4.01E+07
2379,4.35E+07,4.21E+07,4.01E+07
2382,4.35E+07,4.22E+07,4.01E+07
2385,4.35E+07,4.21E+07,4.01E+07
2388,4.34E+07,4.22E+07,4.01E+07
2391,4.35E+07,4.23E+07,4.01E+07
2394,4.36E+07,4.23E+07,4.01E+07
2397,4.35E+07,4.23E+07,4.01E+07
2400,4.34E+07,4.21E+07,4.01E+07
2403,4.35E+07,4.22E+07,4.00E+07
2406,4.37E+07,4.24E+07,4.01E+07
2409,4.36E+07,4.23E+07,4.01E+07
2412,4.36E+07,4.23E+07,4.02E+07
2415,4.35E+07,4.23E+07,4.02E+07
2418,4.38E+07,4.23E+07,4.01E+07
2421,4.38E+07,4.23E+07,4.03E+07
2424,4.36E+07,4.24E+07,4.02E+07
2427,4.36E+07,4.23E+07,4.03E+07
2430,4.36E+07,4.24E+07,4.02E+07
2433,4.36E+07,4.24E+07,4.03E+07
2436,4.37E+07,4.24E+07,4.03E+07
2439,4.36E+07,4.25E+07,4.03E+07
2442,4.35E+07,4.23E+07,4.03E+07
2445,4.37E+07,4.25E+07,4.03E+07
2448,4.36E+07,4.25E+07,4.04E+07
2451,4.37E+07,4.25E+07,4.03E+07
2454,4.38E+07,4.27E+07,4.04E+07
2457,4.37E+07,4.25E+07,4.04E+07
2460,4.39E+07,4.27E+07,4.03E+07
2463,4.38E+07,4.26E+07,4.04E+07
2466,4.38E+07,4.25E+07,4.04E+07
2469,4.38E+07,4.27E+07,4.05E+07
2472,4.38E+07,4.26E+07,4.05E+07
2475,4.39E+07,4.25E+07,4.05E+07
2478,4.39E+07,4.27E+07,4.05E+07
2481,4.39E+07,4.26E+07,4.06E+07
2484,4.39E+07,4.25E+07,4.05E+07
2487,4.40E+07,4.27E+07,4.05E+07
2490,4.40E+07,4.26E+07,4.05E+07
2493,4.41E+07,4.27E+07,4.06E+07
2496,4.40E+07,4.28E+07,4.06E+07
2499,4.40E+07,4.27E+07,4.06E+07
2502,4.41E+07,4.28E+07,4.05E+07
2505,4.40E+07,4.27E+07,4.06E+07
2508,4.40E+07,4.28E+07,4.06E+07
2511,4.41E+07,4.29E+07,4.07E+07
2514,4.40E+07,4.29E+07,4.07E+07
2517,4.41E+07,4.28E+07,4.06E+07
2520,4.42E+07,4.29E+07,4.06E+07
2523,4.42E+07,4.27E+07,4.08E+07
2526,4.42E+07,4.29E+07,4.07E+07
2529,4.41E+07,4.28E+07,4.07E+07
2532,4.42E+07,4.29E+07,4.07E+07
2535,4.41E+07,4.29E+07,4.07E+07
2538,4.42E+07,4.30E+07,4.08E+07
2541,4.41E+07,4.29E+07,4.07E+07
2544,4.42E+07,4.30E+07,4.08E+07
2547,4.43E+07,4.30E+07,4.07E+07
2550,4.43E+07,4.30E+07,4.09E+07
2553,4.42E+07,4.30E+07,4.09E+07
2556,4.43E+07,4.31E+07,4.10E+07
2559,4.43E+07,4.30E+07,4.10E+07
2562,4.42E+07,4.30E+07,4.08E+07
2565,4.43E+07,4.30E+07,4.08E+07
2568,4.43E+07,4.30E+07,4.09E+07
2571,4.42E+07,4.30E+07,4.09E+07
2574,4.45E+07,4.32E+07,4.10E+07
2577,4.44E+07,4.31E+07,4.10E+07
2580,4.45E+07,4.31E+07,4.10E+07
2583,4.45E+07,4.32E+07,4.10E+07
2586,4.44E+07,4.32E+07,4.10E+07
2589,4.44E+07,4.32E+07,4.10E+07
2592,4.45E+07,4.32E+07,4.11E+07
2595,4.44E+07,4.32E+07,4.11E+07
2598,4.45E+07,4.33E+07,4.09E+07
2601,4.44E+07,4.32E+07,4.11E+07
2604,4.45E+07,4.33E+07,4.11E+07
2607,4.44E+07,4.32E+07,4.10E+07
2610,4.46E+07,4.34E+07,4.11E+07
2613,4.45E+07,4.33E+07,4.11E+07
2616,4.46E+07,4.32E+07,4.13E+07
2619,4.45E+07,4.33E+07,4.11E+07
2622,4.46E+07,4.33E+07,4.12E+07
2625,4.46E+07,4.34E+07,4.11E+07
2628,4.47E+07,4.33E+07,4.12E+07
2631,4.47E+07,4.34E+07,4.12E+07
2634,4.47E+07,4.33E+07,4.12E+07
2637,4.46E+07,4.34E+07,4.12E+07
2640,4.46E+07,4.34E+07,4.12E+07
2643,4.46E+07,4.34E+07,4.13E+07
2646,4.47E+07,4.34E+07,4.13E+07
2649,4.46E+07,4.34E+07,4.13E+07
2652,4.46E+07,4.34E+07,4.13E+07
2655,4.48E+07,4.33E+07,4.14E+07
2658,4.46E+07,4.34E+07,4.14E+07
2661,4.48E+07,4.34E+07,4.12E+07
2664,4.48E+07,4.36E+07,4.14E+07
2667,4.46E+07,4.35E+07,4.14E+07
2670,4.47E+07,4.36E+07,4.14E+07
2673,4.48E+07,4.36E+07,4.13E+07
2676,4.46E+07,4.36E+07,4.14E+07
2679,4.48E+07,4.36E+07,4.14E+07
2682,4.50E+07,4.36E+07,4.14E+07
2685,4.48E+07,4.35E+07,4.14E+07
2688,4.50E+07,4.37E+07,4.14E+07
2691,4.49E+07,4.36E+07,4.15E+07
2694,4.50E+07,4.36E+07,4.14E+07
2697,4.49E+07,4.36E+07,4.15E+07
2700,4.48E+07,4.36E+07,4.15E+07
2703,4.49E+07,4.37E+07,4.14E+07
2706,4.51E+07,4.37E+07,4.15E+07
2709,4.50E+07,4.38E+07,4.15E+07
2712,4.50E+07,4.38E+07,4.15E+07
2715,4.49E+07,4.37E+07,4.16E+07
2718,4.50E+07,4.37E+07,4.16E+07
2721,4.50E+07,4.38E+07,4.16E+07
2724,4.50E+07,4.38E+07,4.15E+07
2727,4.49E+07,4.37E+07,4.15E+07
2730,4.51E+07,4.39E+07,4.17E+07
2733,4.51E+07,4.39E+07,4.17E+07
2736,4.50E+07,4.39E+07,4.16E+07
2739,4.50E+07,4.37E+07,4.17E+07
2742,4.50E+07,4.39E+07,4.17E+07
2745,4.52E+07,4.38E+07,4.17E+07
2748,4.52E+07,4.39E+07,4.17E+07
2751,4.52E+07,4.39E+07,4.17E+07
2754,4.52E+07,4.40E+07,4.17E+07
2757,4.51E+07,4.39E+07,4.17E+07
2760,4.51E+07,4.40E+07,4.18E+07
2763,4.52E+07,4.39E+07,4.18E+07
2766,4.54E+07,4.39E+07,4.18E+07
2769,4.52E+07,4.40E+07,4.19E+07
2772,4.53E+07,4.39E+07,4.17E+07
2775,4.53E+07,4.40E+07,4.18E+07
2778,4.51E+07,4.40E+07,4.19E+07
2781,4.52E+07,4.40E+07,4.18E+07
2784,4.52E+07,4.41E+07,4.19E+07
2787,4.52E+07,4.39E+07,4.19E+07
2790,4.53E+07,4.41E+07,4.18E+07
2793,4.53E+07,4.41E+07,4.18E+07
2796,4.54E+07,4.41E+07,4.19E+07
2799,4.52E+07,4.42E+07,4.20E+07
2802,4.53E+07,4.40E+07,4.18E+07
2805,4.53E+07,4.42E+07,4.20E+07
2808,4.53E+07,4.42E+07,4.19E+07
2811,4.53E+07,4.42E+07,4.20E+07
2814,4.54E+07,4.40E+07,4.20E+07
2817,4.54E+07,4.41E+07,4.20E+07
2820,4.54E+07,4.41E+07,4.21E+07
2823,4.54E+07,4.42E+07,4.19E+07
2826,4.55E+07,4.42E+07,4.21E+07
2829,4.54E+07,4.42E+07,4.21E+07
2832,4.54E+07,4.43E+07,4.20E+07
2835,4.55E+07,4.42E+07,4.22E+07
2838,4.54E+07,4.42E+07,4.21E+07
2841,4.55E+07,4.43E+07,4.21E+07
2844,4.54E+07,4.42E+07,4.22E+07
2847,4.55E+07,4.43E+07,4.21E+07
2850,4.55E+07,4.42E+07,4.21E+07
2853,4.57E+07,4.42E+07,4.21E+07
2856,4.54E+07,4.43E+07,4.21E+07
2859,4.55E+07,4.43E+07,4.22E+07
2862,4.54E+07,4.44E+07,4.22E+07
2865,4.55E+07,4.43E+07,4.22E+07
2868,4.55E+07,4.43E+07,4.22E+07
2871,4.57E+07,4.43E+07,4.23E+07
2874,4.57E+07,4.44E+07,4.23E+07
2877,4.56E+07,4.45E+07,4.22E+07
2880,4.56E+07,4.44E+07,4.23E+07
2883,4.56E+07,4.44E+07,4.23E+07
2886,4.56E+07,4.45E+07,4.23E+07
2889,4.58E+07,4.45E+07,4.22E+07
2892,4.56E+07,4.45E+07,4.23E+07
2895,4.56E+07,4.45E+07,4.22E+07
2898,4.57E+07,4.44E+07,4.22E+07
2901,4.56E+07,4.45E+07,4.23E+07
2904,4.56E+07,4.44E+07,4.25E+07
2907,4.57E+07,4.46E+07,4.23E+07
2910,4.57E+07,4.45E+07,4.24E+07
2913,4.58E+07,4.46E+07,4.23E+07
2916,4.60E+07,4.46E+07,4.23E+07
2919,4.58E+07,4.45E+07,4.24E+07
2922,4.58E+07,4.45E+07,4.24E+07
2925,4.59E+07,4.46E+07,4.25E+07
2928,4.57E+07,4.46E+07,4.24E+07
2931,4.58E+07,4.47E+07,4.24E+07
2934,4.59E+07,4.47E+07,4.25E+07
2937,4.60E+07,4.47E+07,4.23E+07
2940,4.59E+07,4.46E+07,4.25E+07
2943,4.59E+07,4.46E+07,4.24E+07
2946,4.59E+07,4.45E+07,4.24E+07
2949,4.59E+07,4.47E+07,4.25E+07
2952,4.58E+07,4.47E+07,4.25E+07
2955,4.60E+07,4.46E+07,4.25E+07
2958,4.59E+07,4.48E+07,4.25E+07
2961,4.60E+07,4.46E+07,4.26E+07
2964,4.58E+07,4.47E+07,4.25E+07
2967,4.61E+07,4.48E+07,4.26E+07
2970,4.61E+07,4.48E+07,4.25E+07
2973,4.60E+07,4.47E+07,4.26E+07
2976,4.60E+07,4.49E+07,4.26E+07
2979,4.60E+07,4.48E+07,4.27E+07
2982,4.62E+07,4.48E+07,4.27E+07
2985,4.61E+07,4.48E+07,4.26E+07
2988,4.61E+07,4.48E+07,4.27E+07
2991,4.61E+07,4.49E+07,4.26E+07
2994,4.61E+07,4.48E+07,4.28E+07
2997,4.61E+07,4.47E+07,4.27E+07
3000,4.61E+07,4.48E+07,4.26E+07
3003,4.62E+07,4.48E+07,4.27E+07
3006,4.62E+07,4.49E+07,4.26E+07
3009,4.60E+07,4.50E+07,4.26E+07
3012,4.61E+07,4.48E+07,4.28E+07
3015,4.61E+07,4.49E+07,4.29E+07
3018,4.60E+07,4.50E+07,4.27E+07
3021,4.62E+07,4.50E+07,4.28E+07
3024,4.61E+07,4.49E+07,4.28E+07
3027,4.63E+07,4.48E+07,4.29E+07
3030,4.62E+07,4.49E+07,4.28E+07
3033,4.63E+07,4.50E+07,4.28E+07
3036,4.63E+07,4.51E+07,4.28E+07
3039,4.62E+07,4.50E+07,4.29E+07
3042,4.62E+07,4.52E+07,4.29E+07
3045,4.61E+07,4.49E+07,4.27E+07
3048,4.63E+07,4.51E+07,4.29E+07
3051,4.64E+07,4.50E+07,4.30E+07
3054,4.62E+07,4.50E+07,4.28E+07
3057,4.63E+07,4.51E+07,4.28E+07
3060,4.63E+07,4.49E+07,4.29E+07
3063,4.64E+07,4.52E+07,4.30E+07
3066,4.63E+07,4.51E+07,4.29E+07
3069,4.64E+07,4.51E+07,4.29E+07
3072,4.64E+07,4.53E+07,4.29E+07
3075,4.65E+07,4.51E+07,4.29E+07
3078,4.64E+07,4.54E+07,4.29E+07
3081,4.63E+07,4.53E+07,4.30E+07
3084,4.65E+07,4.53E+07,4.30E+07
3087,4.63E+07,4.52E+07,4.30E+07
3090,4.64E+07,4.53E+07,4.32E+07
3093,4.65E+07,4.52E+07,4.30E+07
3096,4.65E+07,4.52E+07,4.30E+07
3099,4.64E+07,4.52E+07,4.30E+07
3102,4.65E+07,4.53E+07,4.30E+07
3105,4.63E+07,4.53E+07,4.29E+07
3108,4.65E+07,4.53E+07,4.31E+07
3111,4.65E+07,4.53E+07,4.32E+07
3114,4.65E+07,4.52E+07,4.31E+07
3117,4.66E+07,4.53E+07,4.31E+07
3120,4.65E+07,4.54E+07,4.32E+07
3123,4.66E+07,4.53E+07,4.31E+07
3126,4.65E+07,4.53E+07,4.31E+07
3129,4.65E+07,4.54E+07,4.31E+07
3132,4.65E+07,4.54E+07,4.31E+07
3135,4.65E+07,4.53E+07,4.31E+07
3138,4.65E+07,4.53E+07,4.33E+07
3141,4.66E+07,4.55E+07,4.33E+07
3144,4.65E+07,4.54E+07,4.32E+07
3147,4.66E+07,4.55E+07,4.32E+07
3150,4.67E+07,4.53E+07,4.32E+07
3153,4.68E+07,4.54E+07,4.33E+07
3156,4.66E+07,4.55E+07,4.33E+07
3159,4.66E+07,4.54E+07,4.32E+07
3162,4.67E+07,4.55E+07,4.33E+07
3165,4.67E+07,4.54E+07,4.33E+07
3168,4.67E+07,4.53E+07,4.34E+07
3171,4.69E+07,4.54E+07,4.35E+07
3174,4.67E+07,4.55E+07,4.34E+07
3177,4.66E+07,4.54E+07,4.33E+07
3180,4.68E+07,4.56E+07,4.34E+07
3183,4.67E+07,4.56E+07,4.33E+07
3186,4.68E+07,4.55E+07,4.33E+07
3189,4.66E+07,4.56E+07,4.33E+07
3192,4.68E+07,4.56E+07,4.34E+07
3195,4.68E+07,4.56E+07,4.34E+07
3198,4.69E+07,4.56E+07,4.35E+07
3201,4.69E+07,4.56E+07,4.34E+07
3204,4.67E+07,4.57E+07,4.35E+07
3207,4.69E+07,4.57E+07,4.35E+07
3210,4.68E+07,4.56E+07,4.34E+07
3213,4.69E+07,4.57E+07,4.35E+07
3216,4.69E+07,4.57E+07,4.35E+07
3219,4.69E+07,4.57E+07,4.35E+07
3222,4.68E+07,4.55E+07,4.36E+07
3225,4.70E+07,4.56E+07,4.35E+07
3228,4.69E+07,4.57E+07,4.35E+07
3231,4.69E+07,4.56E+07,4.35E+07
3234,4.69E+07,4.58E+07,4.36E+07
3237,4.71E+07,4.56E+07,4.35E+07
3240,4.70E+07,4.58E+07,4.36E+07
3243,4.70E+07,4.57E+07,4.35E+07
3246,4.69E+07,4.56E+07,4.35E+07
