21,2.16E+06,2.16E+06,2.16E+06
24,2.16E+06,2.16E+06,2.16E+06
27,2.16E+06,2.16E+06,2.16E+06
30,2.20E+06,2.20E+06,2.20E+06
33,2.22E+06,2.22E+06,2.22E+06
36,2.19E+06,2.19E+06,2.19E+06
39,2.23E+06,2.23E+06,2.23E+06
42,2.25E+06,2.25E+06,2.25E+06
45,2.28E+06,2.28E+06,2.28E+06
48,2.30E+06,2.30E+06,2.30E+06
51,2.36E+06,2.36E+06,2.36E+06
54,2.34E+06,2.34E+06,2.34E+06
57,2.36E+06,2.36E+06,2.36E+06
60,2.40E+06,2.40E+06,2.40E+06
63,2.41E+06,2.41E+06,2.41E+06
66,2.43E+06,2.43E+06,2.43E+06
69,2.46E+06,2.46E+06,2.46E+06
72,2.50E+06,2.50E+06,2.50E+06
75,2.53E+06,2.53E+06,2.53E+06
78,2.58E+06,2.58E+06,2.58E+06
81,2.58E+06,2.58E+06,2.58E+06
84,2.62E+06,2.62E+06,2.62E+06
87,2.62E+06,2.62E+06,2.62E+06
90,2.66E+06,2.66E+06,2.66E+06
93,2.68E+06,2.68E+06,2.68E+06
96,2.74E+06,2.74E+06,2.74E+06
99,2.74E+06,2.74E+06,2.74E+06
102,2.79E+06,2.79E+06,2.79E+06
105,2.80E+06,2.80E+06,2.80E+06
108,2.82E+06,2.82E+06,2.82E+06
111,2.87E+06,2.87E+06,2.87E+06
114,2.88E+06,2.88E+06,2.88E+06
117,2.92E+06,2.92E+06,2.92E+06
120,2.93E+06,2.93E+06,2.93E+06
123,2.96E+06,2.96E+06,2.96E+06
126,3.00E+06,3.00E+06,3.00E+06
129,3.07E+06,3.07E+06,3.07E+06
132,3.10E+06,3.10E+06,3.10E+06
135,3.10E+06,3.10E+06,3.10E+06
138,3.12E+06,3.12E+06,3.12E+06
141,3.19E+06,3.19E+06,3.19E+06
144,3.18E+06,3.18E+06,3.18E+06
147,3.17E+06,3.17E+06,3.17E+06
150,3.25E+06,3.25E+06,3.25E+06
153,3.25E+06,3.25E+06,3.25E+06
156,3.28E+06,3.28E+06,3.28E+06
159,3.31E+06,3.31E+06,3.31E+06
162,3.32E+06,3.32E+06,3.32E+06
165,3.36E+06,3.36E+06,3.36E+06
168,3.40E+06,3.40E+06,3.40E+06
171,3.41E+06,3.41E+06,3.41E+06
174,3.44E+06,3.44E+06,3.44E+06
177,3.47E+06,3.47E+06,3.47E+06
180,3.50E+06,3.50E+06,3.50E+06
183,3.51E+06,3.51E+06,3.51E+06
186,3.52E+06,3.52E+06,3.52E+06
189,3.56E+06,3.56E+06,3.56E+06
192,3.60E+06,3.60E+06,3.60E+06
195,3.62E+06,3.62E+06,3.62E+06
198,3.62E+06,3.62E+06,3.62E+06
201,3.68E+06,3.68E+06,3.68E+06
204,3.67E+06,3.67E+06,3.67E+06
207,3.74E+06,3.74E+06,3.74E+06
210,3.77E+06,3.77E+06,3.77E+06
213,3.76E+06,3.76E+06,3.76E+06
216,3.80E+06,3.80E+06,3.80E+06
219,3.85E+06,3.85E+06,3.85E+06
222,3.87E+06,3.87E+06,3.87E+06
225,3.85E+06,3.85E+06,3.85E+06
228,3.88E+06,3.88E+06,3.88E+06
231,3.88E+06,3.88E+06,3.88E+06
234,3.97E+06,3.97E+06,3.97E+06
237,3.96E+06,3.96E+06,3.96E+06
240,3.95E+06,3.95E+06,3.95E+06
243,4.03E+06,4.03E+06,4.03E+06
246,4.02E+06,4.02E+06,4.02E+06
249,4.06E+06,4.06E+06,4.06E+06
252,4.09E+06,4.09E+06,4.09E+06
255,4.08E+06,4.08E+06,4.08E+06
258,4.07E+06,4.07E+06,4.07E+06
261,4.16E+06,4.16E+06,4.16E+06
264,4.18E+06,4.18E+06,4.18E+06
267,4.15E+06,4.15E+06,4.15E+06
270,4.24E+06,4.24E+06,4.24E+06
273,4.22E+06,4.22E+06,4.22E+06
276,4.23E+06,4.23E+06,4.23E+06
279,4.27E+06,4.27E+06,4.27E+06
282,4.26E+06,4.26E+06,4.26E+06
285,4.30E+06,4.30E+06,4.30E+06
288,4.35E+06,4.35E+06,4.35E+06
291,4.37E+06,4.37E+06,4.37E+06
294,4.38E+06,4.38E+06,4.38E+06
297,4.38E+06,4.38E+06,4.38E+06
300,4.43E+06,4.43E+06,4.43E+06
303,4.39E+06,4.39E+06,4.39E+06
306,4.42E+06,4.42E+06,4.42E+06
309,4.48E+06,4.48E+06,4.48E+06
312,4.49E+06,4.49E+06,4.49E+06
315,4.55E+06,4.55E+06,4.55E+06
318,4.56E+06,4.56E+06,4.56E+06
321,4.53E+06,4.53E+06,4.53E+06
324,4.55E+06,4.55E+06,4.55E+06
327,4.63E+06,4.63E+06,4.63E+06
330,4.61E+06,4.61E+06,4.61E+06
333,4.63E+06,4.63E+06,4.63E+06
336,4.67E+06,4.67E+06,4.67E+06
339,4.68E+06,4.68E+06,4.68E+06
342,4.70E+06,4.70E+06,4.70E+06
345,4.72E+06,4.72E+06,4.72E+06
348,4.75E+06,4.75E+06,4.75E+06
351,4.75E+06,4.75E+06,4.75E+06
354,4.81E+06,4.81E+06,4.81E+06
357,4.75E+06,4.75E+06,4.75E+06
360,4.82E+06,4.82E+06,4.82E+06
363,4.83E+06,4.83E+06,4.83E+06
366,4.82E+06,4.82E+06,4.82E+06
369,4.80E+06,4.80E+06,4.80E+06
372,4.80E+06,4.80E+06,4.80E+06
375,4.90E+06,4.90E+06,4.90E+06
378,4.92E+06,4.92E+06,4.92E+06
381,4.87E+06,4.87E+06,4.87E+06
384,4.89E+06,4.89E+06,4.89E+06
387,4.97E+06,4.97E+06,4.97E+06
390,5.00E+06,5.00E+06,5.00E+06
393,5.01E+06,5.01E+06,5.01E+06
396,5.01E+06,5.01E+06,5.01E+06
399,5.01E+06,5.01E+06,5.01E+06
402,5.02E+06,5.02E+06,5.02E+06
405,5.07E+06,5.07E+06,5.07E+06
408,5.09E+06,5.09E+06,5.09E+06
411,5.08E+06,5.08E+06,5.08E+06
414,5.09E+06,5.09E+06,5.09E+06
417,5.11E+06,5.11E+06,5.11E+06
420,5.14E+06,5.14E+06,5.14E+06
423,5.19E+06,5.19E+06,5.19E+06
426,5.20E+06,5.20E+06,5.20E+06
429,5.19E+06,5.19E+06,5.19E+06
432,5.19E+06,5.19E+06,5.19E+06
435,5.19E+06,5.19E+06,5.19E+06
438,5.26E+06,5.26E+06,5.26E+06
441,5.26E+06,5.26E+06,5.26E+06
444,5.26E+06,5.26E+06,5.26E+06
447,5.28E+06,5.28E+06,5.28E+06
450,5.30E+06,5.30E+06,5.30E+06
453,5.29E+06,5.29E+06,5.29E+06
456,5.31E+06,5.31E+06,5.31E+06
459,5.35E+06,5.35E+06,5.35E+06
462,5.37E+06,5.37E+06,5.37E+06
465,5.37E+06,5.37E+06,5.37E+06
468,5.41E+06,5.41E+06,5.41E+06
471,5.40E+06,5.40E+06,5.40E+06
474,5.45E+06,5.45E+06,5.45E+06
477,5.45E+06,5.45E+06,5.45E+06
480,5.43E+06,5.43E+06,5.43E+06
483,5.45E+06,5.45E+06,5.45E+06
486,5.50E+06,5.50E+06,5.50E+06
489,5.53E+06,5.53E+06,5.53E+06
492,5.52E+06,5.52E+06,5.52E+06
495,5.54E+06,5.54E+06,5.54E+06
498,5.52E+06,5.52E+06,5.52E+06
501,5.54E+06,5.54E+06,5.54E+06
504,5.57E+06,5.57E+06,5.57E+06
507,5.60E+06,5.60E+06,5.60E+06
510,5.64E+06,5.64E+06,5.64E+06
513,5.66E+06,5.66E+06,5.66E+06
516,5.62E+06,5.62E+06,5.62E+06
519,5.62E+06,5.62E+06,5.62E+06
522,5.65E+06,5.65E+06,5.65E+06
525,5.65E+06,5.65E+06,5.65E+06
528,5.68E+06,5.68E+06,5.68E+06
531,5.71E+06,5.71E+06,5.71E+06
534,5.70E+06,5.70E+06,5.70E+06
537,5.76E+06,5.76E+06,5.76E+06
540,5.72E+06,5.72E+06,5.72E+06
543,5.76E+06,5.76E+06,5.76E+06
546,5.74E+06,5.74E+06,5.74E+06
549,5.73E+06,5.73E+06,5.73E+06
552,5.76E+06,5.76E+06,5.76E+06
555,5.80E+06,5.80E+06,5.80E+06
558,5.79E+06,5.79E+06,5.79E+06
561,5.81E+06,5.81E+06,5.81E+06
564,5.86E+06,5.86E+06,5.86E+06
567,5.93E+06,5.93E+06,5.93E+06
570,5.90E+06,5.90E+06,5.90E+06
573,5.87E+06,5.87E+06,5.87E+06
576,5.93E+06,5.93E+06,5.93E+06
579,5.88E+06,5.88E+06,5.88E+06
582,5.93E+06,5.93E+06,5.93E+06
585,5.93E+06,5.93E+06,5.93E+06
588,5.96E+06,5.96E+06,5.96E+06
591,5.98E+06,5.98E+06,5.98E+06
594,5.97E+06,5.97E+06,5.97E+06
597,6.00E+06,6.00E+06,6.00E+06
600,6.03E+06,6.03E+06,6.03E+06
603,6.03E+06,6.03E+06,6.03E+06
606,6.01E+06,6.01E+06,6.01E+06
609,6.06E+06,6.06E+06,6.06E+06
612,6.08E+06,6.08E+06,6.08E+06
615,6.09E+06,6.09E+06,6.09E+06
618,6.05E+06,6.05E+06,6.05E+06
621,6.12E+06,6.12E+06,6.12E+06
624,6.10E+06,6.10E+06,6.10E+06
627,6.13E+06,6.13E+06,6.13E+06
630,6.13E+06,6.13E+06,6.13E+06
633,6.20E+06,6.20E+06,6.20E+06
636,6.18E+06,6.18E+06,6.18E+06
639,6.13E+06,6.13E+06,6.13E+06
642,6.20E+06,6.20E+06,6.20E+06
645,6.17E+06,6.17E+06,6.17E+06
648,6.21E+06,6.21E+06,6.21E+06
651,6.21E+06,6.21E+06,6.21E+06
654,6.23E+06,6.23E+06,6.23E+06
657,6.23E+06,6.23E+06,6.23E+06
660,6.23E+06,6.23E+06,6.23E+06
663,6.30E+06,6.30E+06,6.30E+06
666,6.30E+06,6.30E+06,6.30E+06
669,6.29E+06,6.29E+06,6.29E+06
672,6.36E+06,6.36E+06,6.36E+06
675,6.29E+06,6.29E+06,6.29E+06
678,6.37E+06,6.37E+06,6.37E+06
681,6.34E+06,6.34E+06,6.34E+06
684,6.37E+06,6.37E+06,6.37E+06
687,6.35E+06,6.35E+06,6.35E+06
690,6.38E+06,6.38E+06,6.38E+06
693,6.43E+06,6.43E+06,6.43E+06
696,6.41E+06,6.41E+06,6.41E+06
699,6.44E+06,6.44E+06,6.44E+06
702,6.43E+06,6.43E+06,6.43E+06
705,6.44E+06,6.44E+06,6.44E+06
708,6.46E+06,6.46E+06,6.46E+06
711,6.49E+06,6.49E+06,6.49E+06
714,6.49E+06,6.49E+06,6.49E+06
717,6.54E+06,6.54E+06,6.54E+06
720,6.51E+06,6.51E+06,6.51E+06
723,6.53E+06,6.53E+06,6.53E+06
726,6.56E+06,6.56E+06,6.56E+06
729,6.54E+06,6.54E+06,6.54E+06
732,6.58E+06,6.58E+06,6.58E+06
735,6.63E+06,6.63E+06,6.63E+06
738,6.60E+06,6.60E+06,6.60E+06
741,6.61E+06,6.61E+06,6.61E+06
744,6.62E+06,6.62E+06,6.62E+06
747,6.66E+06,6.66E+06,6.66E+06
750,6.60E+06,6.60E+06,6.60E+06
753,6.64E+06,6.64E+06,6.64E+06
756,6.61E+06,6.61E+06,6.61E+06
759,6.70E+06,6.70E+06,6.70E+06
762,6.66E+06,6.66E+06,6.66E+06
765,6.71E+06,6.71E+06,6.71E+06
768,6.69E+06,6.69E+06,6.69E+06
771,6.69E+06,6.69E+06,6.69E+06
774,6.79E+06,6.79E+06,6.79E+06
777,6.75E+06,6.75E+06,6.75E+06
780,6.74E+06,6.74E+06,6.74E+06
783,6.74E+06,6.74E+06,6.74E+06
786,6.75E+06,6.75E+06,6.75E+06
789,6.79E+06,6.79E+06,6.79E+06
792,6.75E+06,6.75E+06,6.75E+06
795,6.84E+06,6.84E+06,6.84E+06
798,6.82E+06,6.82E+06,6.82E+06
801,6.84E+06,6.84E+06,6.84E+06
804,6.83E+06,6.83E+06,6.83E+06
807,6.83E+06,6.83E+06,6.83E+06
810,6.88E+06,6.88E+06,6.88E+06
813,6.86E+06,6.86E+06,6.86E+06
816,6.89E+06,6.89E+06,6.89E+06
819,6.89E+06,6.89E+06,6.89E+06
822,6.94E+06,6.94E+06,6.94E+06
825,6.91E+06,6.91E+06,6.91E+06
828,6.92E+06,6.92E+06,6.92E+06
831,6.95E+06,6.95E+06,6.95E+06
834,6.93E+06,6.93E+06,6.93E+06
837,6.94E+06,6.94E+06,6.94E+06
840,6.94E+06,6.94E+06,6.94E+06
843,7.00E+06,7.00E+06,7.00E+06
846,7.04E+06,7.04E+06,7.04E+06
849,6.99E+06,6.99E+06,6.99E+06
852,7.03E+06,7.03E+06,7.03E+06
855,7.04E+06,7.04E+06,7.04E+06
858,7.06E+06,7.06E+06,7.06E+06
861,7.06E+06,7.06E+06,7.06E+06
864,7.04E+06,7.04E+06,7.04E+06
867,7.05E+06,7.05E+06,7.05E+06
870,7.08E+06,7.08E+06,7.08E+06
873,7.11E+06,7.11E+06,7.11E+06
876,7.04E+06,7.04E+06,7.04E+06
879,7.12E+06,7.12E+06,7.12E+06
882,7.10E+06,7.10E+06,7.10E+06
885,7.11E+06,7.11E+06,7.11E+06
888,7.16E+06,7.16E+06,7.16E+06
891,7.09E+06,7.09E+06,7.09E+06
894,7.16E+06,7.16E+06,7.16E+06
897,7.19E+06,7.19E+06,7.19E+06
900,7.14E+06,7.14E+06,7.14E+06
903,7.15E+06,7.15E+06,7.15E+06
906,7.21E+06,7.21E+06,7.21E+06
909,7.19E+06,7.19E+06,7.19E+06
912,7.22E+06,7.22E+06,7.22E+06
915,7.21E+06,7.21E+06,7.21E+06
918,7.24E+06,7.24E+06,7.24E+06
921,7.23E+06,7.23E+06,7.23E+06
924,7.27E+06,7.27E+06,7.27E+06
927,7.29E+06,7.29E+06,7.29E+06
930,7.33E+06,7.33E+06,7.33E+06
933,7.29E+06,7.29E+06,7.29E+06
936,7.30E+06,7.30E+06,7.30E+06
939,7.33E+06,7.33E+06,7.33E+06
942,7.33E+06,7.33E+06,7.33E+06
945,7.36E+06,7.36E+06,7.36E+06
948,7.35E+06,7.35E+06,7.35E+06
951,7.41E+06,7.41E+06,7.41E+06
954,7.38E+06,7.38E+06,7.38E+06
957,7.30E+06,7.30E+06,7.30E+06
960,7.46E+06,7.46E+06,7.46E+06
963,7.44E+06,7.44E+06,7.44E+06
966,7.37E+06,7.37E+06,7.37E+06
969,7.40E+06,7.40E+06,7.40E+06
972,7.44E+06,7.44E+06,7.44E+06
975,7.50E+06,7.50E+06,7.50E+06
978,7.42E+06,7.42E+06,7.42E+06
981,7.45E+06,7.45E+06,7.45E+06
984,7.47E+06,7.47E+06,7.47E+06
987,7.47E+06,7.47E+06,7.47E+06
990,7.47E+06,7.47E+06,7.47E+06
993,7.58E+06,7.58E+06,7.58E+06
996,7.52E+06,7.52E+06,7.52E+06
999,7.51E+06,7.51E+06,7.51E+06
1002,7.52E+06,7.52E+06,7.52E+06
1005,7.52E+06,7.52E+06,7.52E+06
1008,7.58E+06,7.58E+06,7.58E+06
1011,7.55E+06,7.55E+06,7.55E+06
1014,7.61E+06,7.61E+06,7.61E+06
1017,7.55E+06,7.55E+06,7.55E+06
1020,7.60E+06,7.60E+06,7.60E+06
1023,7.64E+06,7.64E+06,7.64E+06
1026,7.63E+06,7.63E+06,7.63E+06
1029,7.63E+06,7.63E+06,7.63E+06
1032,7.64E+06,7.64E+06,7.64E+06
1035,7.68E+06,7.68E+06,7.68E+06
1038,7.62E+06,7.62E+06,7.62E+06
1041,7.65E+06,7.65E+06,7.65E+06
1044,7.65E+06,7.65E+06,7.65E+06
1047,7.69E+06,7.69E+06,7.69E+06
1050,7.69E+06,7.69E+06,7.69E+06
1053,7.74E+06,7.74E+06,7.74E+06
1056,7.73E+06,7.73E+06,7.73E+06
1059,7.71E+06,7.71E+06,7.71E+06
1062,7.70E+06,7.70E+06,7.70E+06
1065,7.77E+06,7.77E+06,7.77E+06
1068,7.77E+06,7.77E+06,7.77E+06
1071,7.77E+06,7.77E+06,7.77E+06
1074,7.79E+06,7.79E+06,7.79E+06
1077,7.79E+06,7.79E+06,7.79E+06
1080,7.80E+06,7.80E+06,7.80E+06
1083,7.79E+06,7.79E+06,7.79E+06
1086,7.86E+06,7.86E+06,7.86E+06
1089,7.82E+06,7.82E+06,7.82E+06
1092,7.81E+06,7.81E+06,7.81E+06
1095,7.85E+06,7.85E+06,7.85E+06
1098,7.83E+06,7.83E+06,7.83E+06
1101,7.90E+06,7.90E+06,7.90E+06
1104,7.90E+06,7.90E+06,7.90E+06
1107,7.88E+06,7.88E+06,7.88E+06
1110,7.87E+06,7.87E+06,7.87E+06
1113,7.89E+06,7.89E+06,7.89E+06
1116,7.94E+06,7.94E+06,7.94E+06
1119,7.89E+06,7.89E+06,7.89E+06
1122,7.95E+06,7.95E+06,7.95E+06
1125,7.92E+06,7.92E+06,7.92E+06
1128,7.92E+06,7.92E+06,7.92E+06
1131,7.98E+06,7.98E+06,7.98E+06
1134,7.96E+06,7.96E+06,7.96E+06
1137,7.98E+06,7.98E+06,7.98E+06
1140,7.98E+06,7.98E+06,7.98E+06
1143,8.01E+06,8.01E+06,8.01E+06
1146,8.00E+06,8.00E+06,8.00E+06
1149,8.03E+06,8.03E+06,8.03E+06
1152,8.01E+06,8.01E+06,8.01E+06
1155,8.02E+06,8.02E+06,8.02E+06
1158,8.05E+06,8.05E+06,8.05E+06
1161,8.08E+06,8.08E+06,8.08E+06
1164,8.11E+06,8.11E+06,8.11E+06
1167,8.09E+06,8.09E+06,8.09E+06
1170,8.08E+06,8.08E+06,8.08E+06
1173,8.13E+06,8.13E+06,8.13E+06
1176,8.11E+06,8.11E+06,8.11E+06
1179,8.08E+06,8.08E+06,8.08E+06
1182,8.11E+06,8.11E+06,8.11E+06
1185,8.17E+06,8.17E+06,8.17E+06
1188,8.18E+06,8.18E+06,8.18E+06
1191,8.14E+06,8.14E+06,8.14E+06
1194,8.16E+06,8.16E+06,8.16E+06
1197,8.20E+06,8.20E+06,8.20E+06
1200,8.14E+06,8.14E+06,8.14E+06
1203,8.22E+06,8.22E+06,8.22E+06
1206,8.20E+06,8.20E+06,8.20E+06
1209,8.22E+06,8.22E+06,8.22E+06
1212,8.21E+06,8.21E+06,8.21E+06
1215,8.27E+06,8.27E+06,8.27E+06
1218,8.24E+06,8.24E+06,8.24E+06
1221,8.23E+06,8.23E+06,8.23E+06
1224,8.21E+06,8.21E+06,8.21E+06
1227,8.25E+06,8.25E+06,8.25E+06
1230,8.28E+06,8.28E+06,8.28E+06
1233,8.26E+06,8.26E+06,8.26E+06
1236,8.30E+06,8.30E+06,8.30E+06
1239,8.29E+06,8.29E+06,8.29E+06
1242,8.28E+06,8.28E+06,8.28E+06
1245,8.30E+06,8.30E+06,8.30E+06
1248,8.31E+06,8.31E+06,8.31E+06
1251,8.29E+06,8.29E+06,8.29E+06
1254,8.31E+06,8.31E+06,8.31E+06
1257,8.31E+06,8.31E+06,8.31E+06
1260,8.34E+06,8.34E+06,8.34E+06
1263,8.36E+06,8.36E+06,8.36E+06
1266,8.35E+06,8.35E+06,8.35E+06
1269,8.37E+06,8.37E+06,8.37E+06
1272,8.39E+06,8.39E+06,8.39E+06
1275,8.38E+06,8.38E+06,8.38E+06
1278,8.44E+06,8.44E+06,8.44E+06
1281,8.47E+06,8.47E+06,8.47E+06
1284,8.45E+06,8.45E+06,8.45E+06
1287,8.46E+06,8.46E+06,8.46E+06
1290,8.49E+06,8.49E+06,8.49E+06
1293,8.41E+06,8.41E+06,8.41E+06
1296,8.47E+06,8.47E+06,8.47E+06
1299,8.50E+06,8.50E+06,8.50E+06
1302,8.49E+06,8.49E+06,8.49E+06
1305,8.47E+06,8.47E+06,8.47E+06
1308,8.46E+06,8.46E+06,8.46E+06
1311,8.50E+06,8.50E+06,8.50E+06
1314,8.55E+06,8.55E+06,8.55E+06
1317,8.53E+06,8.53E+06,8.53E+06
1320,8.54E+06,8.54E+06,8.54E+06
1323,8.54E+06,8.54E+06,8.54E+06
1326,8.55E+06,8.55E+06,8.55E+06
1329,8.56E+06,8.56E+06,8.56E+06
1332,8.55E+06,8.55E+06,8.55E+06
1335,8.59E+06,8.59E+06,8.59E+06
1338,8.58E+06,8.58E+06,8.58E+06
1341,8.55E+06,8.55E+06,8.55E+06
1344,8.64E+06,8.64E+06,8.64E+06
1347,8.59E+06,8.59E+06,8.59E+06
1350,8.63E+06,8.63E+06,8.63E+06
1353,8.61E+06,8.61E+06,8.61E+06
1356,8.62E+06,8.62E+06,8.62E+06
1359,8.61E+06,8.61E+06,8.61E+06
1362,8.62E+06,8.62E+06,8.62E+06
1365,8.58E+06,8.58E+06,8.58E+06
1368,8.66E+06,8.66E+06,8.66E+06
1371,8.68E+06,8.68E+06,8.68E+06
1374,8.71E+06,8.71E+06,8.71E+06
1377,8.67E+06,8.67E+06,8.67E+06
1380,8.70E+06,8.70E+06,8.70E+06
1383,8.74E+06,8.74E+06,8.74E+06
1386,8.66E+06,8.66E+06,8.66E+06
1389,8.68E+06,8.68E+06,8.68E+06
1392,8.72E+06,8.72E+06,8.72E+06
1395,8.70E+06,8.70E+06,8.70E+06
1398,8.77E+06,8.77E+06,8.77E+06
1401,8.77E+06,8.77E+06,8.77E+06
1404,8.83E+06,8.83E+06,8.83E+06
1407,8.77E+06,8.77E+06,8.77E+06
1410,8.84E+06,8.84E+06,8.84E+06
1413,8.75E+06,8.75E+06,8.75E+06
1416,8.78E+06,8.78E+06,8.78E+06
1419,8.82E+06,8.82E+06,8.82E+06
1422,8.82E+06,8.82E+06,8.82E+06
1425,8.87E+06,8.87E+06,8.87E+06
1428,8.82E+06,8.82E+06,8.82E+06
1431,8.85E+06,8.85E+06,8.85E+06
1434,8.92E+06,8.92E+06,8.92E+06
1437,8.85E+06,8.85E+06,8.85E+06
1440,8.89E+06,8.89E+06,8.89E+06
1443,8.89E+06,8.89E+06,8.89E+06
1446,8.87E+06,8.87E+06,8.87E+06
1449,8.89E+06,8.89E+06,8.89E+06
1452,8.95E+06,8.95E+06,8.95E+06
1455,8.89E+06,8.89E+06,8.89E+06
1458,8.93E+06,8.93E+06,8.93E+06
1461,8.93E+06,8.93E+06,8.93E+06
1464,8.93E+06,8.93E+06,8.93E+06
1467,8.98E+06,8.98E+06,8.98E+06
1470,8.97E+06,8.97E+06,8.97E+06
1473,8.93E+06,8.93E+06,8.93E+06
1476,8.95E+06,8.95E+06,8.95E+06
1479,9.00E+06,9.00E+06,9.00E+06
1482,8.99E+06,8.99E+06,8.99E+06
1485,9.04E+06,9.04E+06,9.04E+06
1488,9.05E+06,9.05E+06,9.05E+06
1491,9.06E+06,9.06E+06,9.06E+06
1494,9.01E+06,9.01E+06,9.01E+06
1497,9.07E+06,9.07E+06,9.07E+06
1500,9.07E+06,9.07E+06,9.07E+06
1503,9.03E+06,9.03E+06,9.03E+06
1506,9.03E+06,9.03E+06,9.03E+06
1509,9.10E+06,9.10E+06,9.10E+06
1512,9.04E+06,9.04E+06,9.04E+06
1515,9.08E+06,9.08E+06,9.08E+06
1518,9.12E+06,9.12E+06,9.12E+06
1521,9.09E+06,9.09E+06,9.09E+06
1524,9.09E+06,9.09E+06,9.09E+06
1527,9.13E+06,9.13E+06,9.13E+06
1530,9.11E+06,9.11E+06,9.11E+06
1533,9.13E+06,9.13E+06,9.13E+06
1536,9.18E+06,9.18E+06,9.18E+06
1539,9.17E+06,9.17E+06,9.17E+06
1542,9.20E+06,9.20E+06,9.20E+06
1545,9.15E+06,9.15E+06,9.15E+06
1548,9.14E+06,9.14E+06,9.14E+06
1551,9.18E+06,9.18E+06,9.18E+06
1554,9.17E+06,9.17E+06,9.17E+06
1557,9.25E+06,9.25E+06,9.25E+06
1560,9.15E+06,9.15E+06,9.15E+06
1563,9.19E+06,9.19E+06,9.19E+06
1566,9.25E+06,9.25E+06,9.25E+06
1569,9.21E+06,9.21E+06,9.21E+06
1572,9.22E+06,9.22E+06,9.22E+06
1575,9.20E+06,9.20E+06,9.20E+06
1578,9.22E+06,9.22E+06,9.22E+06
1581,9.26E+06,9.26E+06,9.26E+06
1584,9.29E+06,9.29E+06,9.29E+06
1587,9.36E+06,9.36E+06,9.36E+06
1590,9.32E+06,9.32E+06,9.32E+06
1593,9.32E+06,9.32E+06,9.32E+06
1596,9.36E+06,9.36E+06,9.36E+06
1599,9.33E+06,9.33E+06,9.33E+06
1602,9.37E+06,9.37E+06,9.37E+06
1605,9.32E+06,9.32E+06,9.32E+06
1608,9.37E+06,9.37E+06,9.37E+06
1611,9.40E+06,9.40E+06,9.40E+06
1614,9.39E+06,9.39E+06,9.39E+06
1617,9.33E+06,9.33E+06,9.33E+06
1620,9.34E+06,9.34E+06,9.34E+06
1623,9.36E+06,9.36E+06,9.36E+06
1626,9.38E+06,9.38E+06,9.38E+06
1629,9.44E+06,9.44E+06,9.44E+06
1632,9.38E+06,9.38E+06,9.38E+06
1635,9.44E+06,9.44E+06,9.44E+06
1638,9.40E+06,9.40E+06,9.40E+06
1641,9.42E+06,9.42E+06,9.42E+06
1644,9.43E+06,9.43E+06,9.43E+06
1647,9.48E+06,9.48E+06,9.48E+06
1650,9.48E+06,9.48E+06,9.48E+06
1653,9.46E+06,9.46E+06,9.46E+06
1656,9.44E+06,9.44E+06,9.44E+06
1659,9.48E+06,9.48E+06,9.48E+06
1662,9.55E+06,9.55E+06,9.55E+06
1665,9.53E+06,9.53E+06,9.53E+06
1668,9.46E+06,9.46E+06,9.46E+06
1671,9.51E+06,9.51E+06,9.51E+06
1674,9.55E+06,9.55E+06,9.55E+06
1677,9.51E+06,9.51E+06,9.51E+06
1680,9.53E+06,9.53E+06,9.53E+06
1683,9.59E+06,9.59E+06,9.59E+06
1686,9.60E+06,9.60E+06,9.60E+06
1689,9.55E+06,9.55E+06,9.55E+06
1692,9.59E+06,9.59E+06,9.59E+06
1695,9.57E+06,9.57E+06,9.57E+06
1698,9.57E+06,9.57E+06,9.57E+06
1701,9.57E+06,9.57E+06,9.57E+06
1704,9.58E+06,9.58E+06,9.58E+06
1707,9.56E+06,9.56E+06,9.56E+06
1710,9.60E+06,9.60E+06,9.60E+06
1713,9.62E+06,9.62E+06,9.62E+06
1716,9.64E+06,9.64E+06,9.64E+06
1719,9.60E+06,9.60E+06,9.60E+06
1722,9.63E+06,9.63E+06,9.63E+06
1725,9.65E+06,9.65E+06,9.65E+06
1728,9.70E+06,9.70E+06,9.70E+06
1731,9.67E+06,9.67E+06,9.67E+06
1734,9.69E+06,9.69E+06,9.69E+06
1737,9.71E+06,9.71E+06,9.71E+06
1740,9.70E+06,9.70E+06,9.70E+06
1743,9.72E+06,9.72E+06,9.72E+06
1746,9.72E+06,9.72E+06,9.72E+06
1749,9.75E+06,9.75E+06,9.75E+06
1752,9.72E+06,9.72E+06,9.72E+06
1755,9.69E+06,9.69E+06,9.69E+06
1758,9.78E+06,9.78E+06,9.78E+06
1761,9.73E+06,9.73E+06,9.73E+06
1764,9.79E+06,9.79E+06,9.79E+06
1767,9.80E+06,9.80E+06,9.80E+06
1770,9.79E+06,9.79E+06,9.79E+06
1773,9.79E+06,9.79E+06,9.79E+06
1776,9.77E+06,9.77E+06,9.77E+06
1779,9.80E+06,9.80E+06,9.80E+06
1782,9.84E+06,9.84E+06,9.84E+06
1785,9.81E+06,9.81E+06,9.81E+06
1788,9.81E+06,9.81E+06,9.81E+06
1791,9.81E+06,9.81E+06,9.81E+06
1794,9.83E+06,9.83E+06,9.83E+06
1797,9.83E+06,9.83E+06,9.83E+06
1800,9.85E+06,9.85E+06,9.85E+06
1803,9.86E+06,9.86E+06,9.86E+06
1806,9.94E+06,9.94E+06,9.94E+06
1809,9.88E+06,9.88E+06,9.88E+06
1812,9.95E+06,9.95E+06,9.95E+06
1815,9.94E+06,9.94E+06,9.94E+06
1818,9.92E+06,9.92E+06,9.92E+06
1821,9.89E+06,9.89E+06,9.89E+06
1824,9.94E+06,9.94E+06,9.94E+06
1827,9.92E+06,9.92E+06,9.92E+06
1830,9.89E+06,9.89E+06,9.89E+06
1833,9.97E+06,9.97E+06,9.97E+06
1836,1.00E+07,1.00E+07,1.00E+07
1839,9.91E+06,9.91E+06,9.91E+06
1842,1.00E+07,1.00E+07,1.00E+07
1845,1.00E+07,1.00E+07,1.00E+07
1848,1.00E+07,1.00E+07,1.00E+07
1851,1.01E+07,1.01E+07,1.01E+07
1854,9.97E+06,9.97E+06,9.97E+06
1857,1.00E+07,1.00E+07,1.00E+07
1860,9.94E+06,9.94E+06,9.94E+06
1863,1.00E+07,1.00E+07,1.00E+07
1866,1.01E+07,1.01E+07,1.01E+07
1869,1.01E+07,1.01E+07,1.01E+07
1872,9.98E+06,9.98E+06,9.98E+06
1875,1.00E+07,1.00E+07,1.00E+07
1878,1.01E+07,1.01E+07,1.01E+07
1881,1.01E+07,1.01E+07,1.01E+07
1884,1.01E+07,1.01E+07,1.01E+07
1887,1.01E+07,1.01E+07,1.01E+07
1890,1.00E+07,1.00E+07,1.00E+07
1893,1.01E+07,1.01E+07,1.01E+07
1896,1.01E+07,1.01E+07,1.01E+07
1899,1.01E+07,1.01E+07,1.01E+07
1902,1.01E+07,1.01E+07,1.01E+07
1905,1.01E+07,1.01E+07,1.01E+07
1908,1.02E+07,1.02E+07,1.02E+07
1911,1.02E+07,1.02E+07,1.02E+07
1914,1.02E+07,1.02E+07,1.02E+07
1917,1.02E+07,1.02E+07,1.02E+07
1920,1.02E+07,1.02E+07,1.02E+07
1923,1.01E+07,1.01E+07,1.01E+07
1926,1.02E+07,1.02E+07,1.02E+07
1929,1.02E+07,1.02E+07,1.02E+07
1932,1.02E+07,1.02E+07,1.02E+07
1935,1.02E+07,1.02E+07,1.02E+07
1938,1.02E+07,1.02E+07,1.02E+07
1941,1.02E+07,1.02E+07,1.02E+07
1944,1.02E+07,1.02E+07,1.02E+07
1947,1.03E+07,1.03E+07,1.03E+07
1950,1.03E+07,1.03E+07,1.03E+07
1953,1.03E+07,1.03E+07,1.03E+07
1956,1.03E+07,1.03E+07,1.03E+07
1959,1.03E+07,1.03E+07,1.03E+07
1962,1.03E+07,1.03E+07,1.03E+07
1965,1.03E+07,1.03E+07,1.03E+07
1968,1.04E+07,1.04E+07,1.04E+07
1971,1.02E+07,1.02E+07,1.02E+07
1974,1.03E+07,1.03E+07,1.03E+07
1977,1.03E+07,1.03E+07,1.03E+07
1980,1.03E+07,1.03E+07,1.03E+07
1983,1.03E+07,1.03E+07,1.03E+07
1986,1.03E+07,1.03E+07,1.03E+07
1989,1.03E+07,1.03E+07,1.03E+07
1992,1.03E+07,1.03E+07,1.03E+07
1995,1.03E+07,1.03E+07,1.03E+07
1998,1.03E+07,1.03E+07,1.03E+07
2001,1.03E+07,1.03E+07,1.03E+07
2004,1.04E+07,1.04E+07,1.04E+07
2007,1.03E+07,1.03E+07,1.03E+07
2010,1.04E+07,1.04E+07,1.04E+07
2013,1.04E+07,1.04E+07,1.04E+07
2016,1.04E+07,1.04E+07,1.04E+07
2019,1.04E+07,1.04E+07,1.04E+07
2022,1.04E+07,1.04E+07,1.04E+07
2025,1.05E+07,1.05E+07,1.05E+07
2028,1.04E+07,1.04E+07,1.04E+07
2031,1.05E+07,1.05E+07,1.05E+07
2034,1.04E+07,1.04E+07,1.04E+07
2037,1.04E+07,1.04E+07,1.04E+07
2040,1.05E+07,1.05E+07,1.05E+07
2043,1.04E+07,1.04E+07,1.04E+07
2046,1.05E+07,1.05E+07,1.05E+07
2049,1.05E+07,1.05E+07,1.05E+07
2052,1.05E+07,1.05E+07,1.05E+07
2055,1.05E+07,1.05E+07,1.05E+07
2058,1.05E+07,1.05E+07,1.05E+07
2061,1.05E+07,1.05E+07,1.05E+07
2064,1.05E+07,1.05E+07,1.05E+07
2067,1.05E+07,1.05E+07,1.05E+07
2070,1.06E+07,1.06E+07,1.06E+07
2073,1.05E+07,1.05E+07,1.05E+07
2076,1.06E+07,1.06E+07,1.06E+07
2079,1.06E+07,1.06E+07,1.06E+07
2082,1.06E+07,1.06E+07,1.06E+07
2085,1.06E+07,1.06E+07,1.06E+07
2088,1.06E+07,1.06E+07,1.06E+07
2091,1.06E+07,1.06E+07,1.06E+07
2094,1.06E+07,1.06E+07,1.06E+07
2097,1.06E+07,1.06E+07,1.06E+07
2100,1.06E+07,1.06E+07,1.06E+07
2103,1.06E+07,1.06E+07,1.06E+07
2106,1.06E+07,1.06E+07,1.06E+07
2109,1.06E+07,1.06E+07,1.06E+07
2112,1.06E+07,1.06E+07,1.06E+07
2115,1.07E+07,1.07E+07,1.07E+07
2118,1.06E+07,1.06E+07,1.06E+07
2121,1.07E+07,1.07E+07,1.07E+07
2124,1.06E+07,1.06E+07,1.06E+07
2127,1.07E+07,1.07E+07,1.07E+07
2130,1.07E+07,1.07E+07,1.07E+07
2133,1.07E+07,1.07E+07,1.07E+07
2136,1.07E+07,1.07E+07,1.07E+07
2139,1.07E+07,1.07E+07,1.07E+07
2142,1.08E+07,1.08E+07,1.08E+07
2145,1.07E+07,1.07E+07,1.07E+07
2148,1.08E+07,1.08E+07,1.08E+07
2151,1.07E+07,1.07E+07,1.07E+07
2154,1.07E+07,1.07E+07,1.07E+07
2157,1.08E+07,1.08E+07,1.08E+07
2160,1.07E+07,1.07E+07,1.07E+07
2163,1.07E+07,1.07E+07,1.07E+07
2166,1.08E+07,1.08E+07,1.08E+07
2169,1.08E+07,1.08E+07,1.08E+07
2172,1.08E+07,1.08E+07,1.08E+07
2175,1.07E+07,1.07E+07,1.07E+07
2178,1.08E+07,1.08E+07,1.08E+07
2181,1.08E+07,1.08E+07,1.08E+07
2184,1.09E+07,1.09E+07,1.09E+07
2187,1.09E+07,1.09E+07,1.09E+07
2190,1.08E+07,1.08E+07,1.08E+07
2193,1.08E+07,1.08E+07,1.08E+07
2196,1.08E+07,1.08E+07,1.08E+07
2199,1.09E+07,1.09E+07,1.09E+07
2202,1.09E+07,1.09E+07,1.09E+07
2205,1.08E+07,1.08E+07,1.08E+07
2208,1.08E+07,1.08E+07,1.08E+07
2211,1.10E+07,1.10E+07,1.10E+07
2214,1.09E+07,1.09E+07,1.09E+07
2217,1.09E+07,1.09E+07,1.09E+07
2220,1.09E+07,1.09E+07,1.09E+07
2223,1.09E+07,1.09E+07,1.09E+07
2226,1.09E+07,1.09E+07,1.09E+07
2229,1.09E+07,1.09E+07,1.09E+07
2232,1.09E+07,1.09E+07,1.09E+07
2235,1.10E+07,1.10E+07,1.10E+07
2238,1.09E+07,1.09E+07,1.09E+07
2241,1.09E+07,1.09E+07,1.09E+07
2244,1.09E+07,1.09E+07,1.09E+07
2247,1.10E+07,1.10E+07,1.10E+07
2250,1.10E+07,1.10E+07,1.10E+07
2253,1.09E+07,1.09E+07,1.09E+07
2256,1.10E+07,1.10E+07,1.10E+07
2259,1.10E+07,1.10E+07,1.10E+07
2262,1.10E+07,1.10E+07,1.10E+07
2265,1.10E+07,1.10E+07,1.10E+07
2268,1.10E+07,1.10E+07,1.10E+07
2271,1.11E+07,1.11E+07,1.11E+07
2274,1.10E+07,1.10E+07,1.10E+07
2277,1.10E+07,1.10E+07,1.10E+07
2280,1.11E+07,1.11E+07,1.11E+07
2283,1.10E+07,1.10E+07,1.10E+07
2286,1.11E+07,1.11E+07,1.11E+07
2289,1.11E+07,1.11E+07,1.11E+07
2292,1.11E+07,1.11E+07,1.11E+07
2295,1.11E+07,1.11E+07,1.11E+07
2298,1.11E+07,1.11E+07,1.11E+07
2301,1.11E+07,1.11E+07,1.11E+07
2304,1.11E+07,1.11E+07,1.11E+07
2307,1.11E+07,1.11E+07,1.11E+07
2310,1.11E+07,1.11E+07,1.11E+07
2313,1.11E+07,1.11E+07,1.11E+07
2316,1.11E+07,1.11E+07,1.11E+07
2319,1.11E+07,1.11E+07,1.11E+07
2322,1.12E+07,1.12E+07,1.12E+07
2325,1.11E+07,1.11E+07,1.11E+07
2328,1.12E+07,1.12E+07,1.12E+07
2331,1.11E+07,1.11E+07,1.11E+07
2334,1.12E+07,1.12E+07,1.12E+07
2337,1.11E+07,1.11E+07,1.11E+07
2340,1.12E+07,1.12E+07,1.12E+07
2343,1.12E+07,1.12E+07,1.12E+07
2346,1.12E+07,1.12E+07,1.12E+07
2349,1.11E+07,1.11E+07,1.11E+07
2352,1.12E+07,1.12E+07,1.12E+07
2355,1.12E+07,1.12E+07,1.12E+07
2358,1.12E+07,1.12E+07,1.12E+07
2361,1.12E+07,1.12E+07,1.12E+07
2364,1.12E+07,1.12E+07,1.12E+07
2367,1.13E+07,1.13E+07,1.13E+07
2370,1.12E+07,1.12E+07,1.12E+07
2373,1.12E+07,1.12E+07,1.12E+07
2376,1.12E+07,1.12E+07,1.12E+07
2379,1.13E+07,1.13E+07,1.13E+07
2382,1.12E+07,1.12E+07,1.12E+07
2385,1.13E+07,1.13E+07,1.13E+07
2388,1.13E+07,1.13E+07,1.13E+07
2391,1.13E+07,1.13E+07,1.13E+07
2394,1.13E+07,1.13E+07,1.13E+07
2397,1.12E+07,1.12E+07,1.12E+07
2400,1.13E+07,1.13E+07,1.13E+07
2403,1.13E+07,1.13E+07,1.13E+07
2406,1.13E+07,1.13E+07,1.13E+07
2409,1.14E+07,1.14E+07,1.14E+07
2412,1.13E+07,1.13E+07,1.13E+07
2415,1.13E+07,1.13E+07,1.13E+07
2418,1.13E+07,1.13E+07,1.13E+07
2421,1.13E+07,1.13E+07,1.13E+07
2424,1.14E+07,1.14E+07,1.14E+07
2427,1.14E+07,1.14E+07,1.14E+07
2430,1.14E+07,1.14E+07,1.14E+07
2433,1.14E+07,1.14E+07,1.14E+07
2436,1.14E+07,1.14E+07,1.14E+07
2439,1.13E+07,1.13E+07,1.13E+07
2442,1.14E+07,1.14E+07,1.14E+07
2445,1.14E+07,1.14E+07,1.14E+07
2448,1.14E+07,1.14E+07,1.14E+07
2451,1.14E+07,1.14E+07,1.14E+07
2454,1.14E+07,1.14E+07,1.14E+07
2457,1.14E+07,1.14E+07,1.14E+07
2460,1.15E+07,1.15E+07,1.15E+07
2463,1.15E+07,1.15E+07,1.15E+07
2466,1.14E+07,1.14E+07,1.14E+07
2469,1.15E+07,1.15E+07,1.15E+07
2472,1.14E+07,1.14E+07,1.14E+07
2475,1.15E+07,1.15E+07,1.15E+07
2478,1.15E+07,1.15E+07,1.15E+07
2481,1.15E+07,1.15E+07,1.15E+07
2484,1.15E+07,1.15E+07,1.15E+07
2487,1.15E+07,1.15E+07,1.15E+07
2490,1.15E+07,1.15E+07,1.15E+07
2493,1.15E+07,1.15E+07,1.15E+07
2496,1.15E+07,1.15E+07,1.15E+07
2499,1.15E+07,1.15E+07,1.15E+07
2502,1.15E+07,1.15E+07,1.15E+07
2505,1.15E+07,1.15E+07,1.15E+07
2508,1.15E+07,1.15E+07,1.15E+07
2511,1.16E+07,1.16E+07,1.16E+07
2514,1.16E+07,1.16E+07,1.16E+07
2517,1.15E+07,1.15E+07,1.15E+07
2520,1.16E+07,1.16E+07,1.16E+07
2523,1.15E+07,1.15E+07,1.15E+07
2526,1.16E+07,1.16E+07,1.16E+07
2529,1.16E+07,1.16E+07,1.16E+07
2532,1.16E+07,1.16E+07,1.16E+07
2535,1.16E+07,1.16E+07,1.16E+07
2538,1.16E+07,1.16E+07,1.16E+07
2541,1.16E+07,1.16E+07,1.16E+07
2544,1.16E+07,1.16E+07,1.16E+07
2547,1.16E+07,1.16E+07,1.16E+07
2550,1.16E+07,1.16E+07,1.16E+07
2553,1.16E+07,1.16E+07,1.16E+07
2556,1.17E+07,1.17E+07,1.17E+07
2559,1.16E+07,1.16E+07,1.16E+07
2562,1.17E+07,1.17E+07,1.17E+07
2565,1.16E+07,1.16E+07,1.16E+07
2568,1.17E+07,1.17E+07,1.17E+07
2571,1.17E+07,1.17E+07,1.17E+07
2574,1.17E+07,1.17E+07,1.17E+07
2577,1.17E+07,1.17E+07,1.17E+07
2580,1.18E+07,1.18E+07,1.18E+07
2583,1.17E+07,1.17E+07,1.17E+07
2586,1.17E+07,1.17E+07,1.17E+07
2589,1.17E+07,1.17E+07,1.17E+07
2592,1.17E+07,1.17E+07,1.17E+07
2595,1.17E+07,1.17E+07,1.17E+07
2598,1.18E+07,1.18E+07,1.18E+07
2601,1.18E+07,1.18E+07,1.18E+07
2604,1.19E+07,1.19E+07,1.19E+07
2607,1.18E+07,1.18E+07,1.18E+07
2610,1.18E+07,1.18E+07,1.18E+07
2613,1.18E+07,1.18E+07,1.18E+07
2616,1.18E+07,1.18E+07,1.18E+07
2619,1.18E+07,1.18E+07,1.18E+07
2622,1.18E+07,1.18E+07,1.18E+07
2625,1.18E+07,1.18E+07,1.18E+07
2628,1.18E+07,1.18E+07,1.18E+07
2631,1.19E+07,1.19E+07,1.19E+07
2634,1.18E+07,1.18E+07,1.18E+07
2637,1.18E+07,1.18E+07,1.18E+07
2640,1.18E+07,1.18E+07,1.18E+07
2643,1.18E+07,1.18E+07,1.18E+07
2646,1.18E+07,1.18E+07,1.18E+07
2649,1.19E+07,1.19E+07,1.19E+07
2652,1.19E+07,1.19E+07,1.19E+07
2655,1.18E+07,1.18E+07,1.18E+07
2658,1.18E+07,1.18E+07,1.18E+07
2661,1.19E+07,1.19E+07,1.19E+07
2664,1.19E+07,1.19E+07,1.19E+07
2667,1.19E+07,1.19E+07,1.19E+07
2670,1.19E+07,1.19E+07,1.19E+07
2673,1.19E+07,1.19E+07,1.19E+07
2676,1.19E+07,1.19E+07,1.19E+07
2679,1.19E+07,1.19E+07,1.19E+07
2682,1.19E+07,1.19E+07,1.19E+07
2685,1.20E+07,1.20E+07,1.20E+07
2688,1.20E+07,1.20E+07,1.20E+07
2691,1.19E+07,1.19E+07,1.19E+07
2694,1.19E+07,1.19E+07,1.19E+07
2697,1.19E+07,1.19E+07,1.19E+07
2700,1.19E+07,1.19E+07,1.19E+07
2703,1.20E+07,1.20E+07,1.20E+07
2706,1.20E+07,1.20E+07,1.20E+07
2709,1.20E+07,1.20E+07,1.20E+07
2712,1.20E+07,1.20E+07,1.20E+07
2715,1.20E+07,1.20E+07,1.20E+07
2718,1.20E+07,1.20E+07,1.20E+07
2721,1.20E+07,1.20E+07,1.20E+07
2724,1.20E+07,1.20E+07,1.20E+07
2727,1.20E+07,1.20E+07,1.20E+07
2730,1.20E+07,1.20E+07,1.20E+07
2733,1.21E+07,1.21E+07,1.21E+07
2736,1.21E+07,1.21E+07,1.21E+07
2739,1.20E+07,1.20E+07,1.20E+07
2742,1.20E+07,1.20E+07,1.20E+07
2745,1.21E+07,1.21E+07,1.21E+07
2748,1.20E+07,1.20E+07,1.20E+07
2751,1.21E+07,1.21E+07,1.21E+07
2754,1.21E+07,1.21E+07,1.21E+07
2757,1.21E+07,1.21E+07,1.21E+07
2760,1.21E+07,1.21E+07,1.21E+07
2763,1.22E+07,1.22E+07,1.22E+07
2766,1.21E+07,1.21E+07,1.21E+07
2769,1.21E+07,1.21E+07,1.21E+07
2772,1.21E+07,1.21E+07,1.21E+07
2775,1.21E+07,1.21E+07,1.21E+07
2778,1.21E+07,1.21E+07,1.21E+07
2781,1.22E+07,1.22E+07,1.22E+07
2784,1.21E+07,1.21E+07,1.21E+07
2787,1.22E+07,1.22E+07,1.22E+07
2790,1.21E+07,1.21E+07,1.21E+07
2793,1.22E+07,1.22E+07,1.22E+07
2796,1.22E+07,1.22E+07,1.22E+07
2799,1.22E+07,1.22E+07,1.22E+07
2802,1.21E+07,1.21E+07,1.21E+07
2805,1.22E+07,1.22E+07,1.22E+07
2808,1.22E+07,1.22E+07,1.22E+07
2811,1.22E+07,1.22E+07,1.22E+07
2814,1.22E+07,1.22E+07,1.22E+07
2817,1.22E+07,1.22E+07,1.22E+07
2820,1.22E+07,1.22E+07,1.22E+07
2823,1.23E+07,1.23E+07,1.23E+07
2826,1.22E+07,1.22E+07,1.22E+07
2829,1.22E+07,1.22E+07,1.22E+07
2832,1.23E+07,1.23E+07,1.23E+07
2835,1.22E+07,1.22E+07,1.22E+07
2838,1.23E+07,1.23E+07,1.23E+07
2841,1.22E+07,1.22E+07,1.22E+07
2844,1.22E+07,1.22E+07,1.22E+07
2847,1.23E+07,1.23E+07,1.23E+07
2850,1.23E+07,1.23E+07,1.23E+07
2853,1.23E+07,1.23E+07,1.23E+07
2856,1.23E+07,1.23E+07,1.23E+07
2859,1.23E+07,1.23E+07,1.23E+07
2862,1.23E+07,1.23E+07,1.23E+07
2865,1.23E+07,1.23E+07,1.23E+07
2868,1.23E+07,1.23E+07,1.23E+07
2871,1.23E+07,1.23E+07,1.23E+07
2874,1.23E+07,1.23E+07,1.23E+07
2877,1.24E+07,1.24E+07,1.24E+07
2880,1.23E+07,1.23E+07,1.23E+07
2883,1.23E+07,1.23E+07,1.23E+07
2886,1.23E+07,1.23E+07,1.23E+07
2889,1.23E+07,1.23E+07,1.23E+07
2892,1.24E+07,1.24E+07,1.24E+07
2895,1.23E+07,1.23E+07,1.23E+07
2898,1.24E+07,1.24E+07,1.24E+07
2901,1.24E+07,1.24E+07,1.24E+07
2904,1.24E+07,1.24E+07,1.24E+07
2907,1.24E+07,1.24E+07,1.24E+07
2910,1.25E+07,1.25E+07,1.25E+07
2913,1.24E+07,1.24E+07,1.24E+07
2916,1.24E+07,1.24E+07,1.24E+07
2919,1.24E+07,1.24E+07,1.24E+07
2922,1.24E+07,1.24E+07,1.24E+07
2925,1.25E+07,1.25E+07,1.25E+07
2928,1.24E+07,1.24E+07,1.24E+07
2931,1.25E+07,1.25E+07,1.25E+07
2934,1.25E+07,1.25E+07,1.25E+07
2937,1.25E+07,1.25E+07,1.25E+07
2940,1.24E+07,1.24E+07,1.24E+07
2943,1.25E+07,1.25E+07,1.25E+07
2946,1.25E+07,1.25E+07,1.25E+07
2949,1.24E+07,1.24E+07,1.24E+07
2952,1.25E+07,1.25E+07,1.25E+07
2955,1.24E+07,1.24E+07,1.24E+07
2958,1.25E+07,1.25E+07,1.25E+07
2961,1.25E+07,1.25E+07,1.25E+07
2964,1.25E+07,1.25E+07,1.25E+07
2967,1.25E+07,1.25E+07,1.25E+07
2970,1.25E+07,1.25E+07,1.25E+07
2973,1.25E+07,1.25E+07,1.25E+07
2976,1.26E+07,1.26E+07,1.26E+07
2979,1.26E+07,1.26E+07,1.26E+07
2982,1.25E+07,1.25E+07,1.25E+07
2985,1.26E+07,1.26E+07,1.26E+07
2988,1.25E+07,1.25E+07,1.25E+07
2991,1.25E+07,1.25E+07,1.25E+07
2994,1.26E+07,1.26E+07,1.26E+07
2997,1.26E+07,1.26E+07,1.26E+07
3000,1.26E+07,1.26E+07,1.26E+07
3003,1.26E+07,1.26E+07,1.26E+07
3006,1.26E+07,1.26E+07,1.26E+07
3009,1.25E+07,1.25E+07,1.25E+07
3012,1.25E+07,1.25E+07,1.25E+07
3015,1.27E+07,1.27E+07,1.27E+07
3018,1.26E+07,1.26E+07,1.26E+07
3021,1.26E+07,1.26E+07,1.26E+07
3024,1.26E+07,1.26E+07,1.26E+07
3027,1.26E+07,1.26E+07,1.26E+07
3030,1.26E+07,1.26E+07,1.26E+07
3033,1.26E+07,1.26E+07,1.26E+07
3036,1.27E+07,1.27E+07,1.27E+07
3039,1.26E+07,1.26E+07,1.26E+07
3042,1.27E+07,1.27E+07,1.27E+07
3045,1.27E+07,1.27E+07,1.27E+07
3048,1.27E+07,1.27E+07,1.27E+07
3051,1.27E+07,1.27E+07,1.27E+07
3054,1.26E+07,1.26E+07,1.26E+07
3057,1.27E+07,1.27E+07,1.27E+07
3060,1.27E+07,1.27E+07,1.27E+07
3063,1.27E+07,1.27E+07,1.27E+07
3066,1.27E+07,1.27E+07,1.27E+07
3069,1.28E+07,1.28E+07,1.28E+07
3072,1.27E+07,1.27E+07,1.27E+07
3075,1.28E+07,1.28E+07,1.28E+07
3078,1.27E+07,1.27E+07,1.27E+07
3081,1.27E+07,1.27E+07,1.27E+07
3084,1.28E+07,1.28E+07,1.28E+07
3087,1.27E+07,1.27E+07,1.27E+07
3090,1.28E+07,1.28E+07,1.28E+07
3093,1.28E+07,1.28E+07,1.28E+07
3096,1.27E+07,1.27E+07,1.27E+07
3099,1.28E+07,1.28E+07,1.28E+07
3102,1.27E+07,1.27E+07,1.27E+07
3105,1.28E+07,1.28E+07,1.28E+07
3108,1.28E+07,1.28E+07,1.28E+07
3111,1.29E+07,1.29E+07,1.29E+07
3114,1.28E+07,1.28E+07,1.28E+07
3117,1.28E+07,1.28E+07,1.28E+07
3120,1.28E+07,1.28E+07,1.28E+07
3123,1.29E+07,1.29E+07,1.29E+07
3126,1.28E+07,1.28E+07,1.28E+07
3129,1.28E+07,1.28E+07,1.28E+07
3132,1.28E+07,1.28E+07,1.28E+07
3135,1.28E+07,1.28E+07,1.28E+07
3138,1.28E+07,1.28E+07,1.28E+07
3141,1.29E+07,1.29E+07,1.29E+07
3144,1.28E+07,1.28E+07,1.28E+07
3147,1.29E+07,1.29E+07,1.29E+07
3150,1.29E+07,1.29E+07,1.29E+07
3153,1.29E+07,1.29E+07,1.29E+07
3156,1.29E+07,1.29E+07,1.29E+07
3159,1.29E+07,1.29E+07,1.29E+07
3162,1.29E+07,1.29E+07,1.29E+07
3165,1.29E+07,1.29E+07,1.29E+07
3168,1.29E+07,1.29E+07,1.29E+07
3171,1.29E+07,1.29E+07,1.29E+07
3174,1.30E+07,1.30E+07,1.30E+07
3177,1.30E+07,1.30E+07,1.30E+07
3180,1.30E+07,1.30E+07,1.30E+07
3183,1.30E+07,1.30E+07,1.30E+07
3186,1.30E+07,1.30E+07,1.30E+07
3189,1.29E+07,1.29E+07,1.29E+07
3192,1.30E+07,1.30E+07,1.30E+07
3195,1.30E+07,1.30E+07,1.30E+07
3198,1.30E+07,1.30E+07,1.30E+07
3201,1.30E+07,1.30E+07,1.30E+07
3204,1.30E+07,1.30E+07,1.30E+07
3207,1.30E+07,1.30E+07,1.30E+07
3210,1.30E+07,1.30E+07,1.30E+07
3213,1.31E+07,1.31E+07,1.31E+07
3216,1.31E+07,1.31E+07,1.31E+07
3219,1.30E+07,1.30E+07,1.30E+07
3222,1.30E+07,1.30E+07,1.30E+07
3225,1.30E+07,1.30E+07,1.30E+07
3228,1.30E+07,1.30E+07,1.30E+07
3231,1.30E+07,1.30E+07,1.30E+07
3234,1.31E+07,1.31E+07,1.31E+07
3237,1.31E+07,1.31E+07,1.31E+07
3240,1.31E+07,1.31E+07,1.31E+07
3243,1.31E+07,1.31E+07,1.31E+07
3246,1.31E+07,1.31E+07,1.31E+07
3249,1.31E+07,1.31E+07,1.31E+07
3252,1.31E+07,1.31E+07,1.31E+07
3255,1.30E+07,1.30E+07,1.30E+07
3258,1.31E+07,1.31E+07,1.31E+07
3261,1.31E+07,1.31E+07,1.31E+07
3264,1.31E+07,1.31E+07,1.31E+07
3267,1.31E+07,1.31E+07,1.31E+07
3270,1.32E+07,1.32E+07,1.32E+07
3273,1.31E+07,1.31E+07,1.31E+07
3276,1.32E+07,1.32E+07,1.32E+07
3279,1.31E+07,1.31E+07,1.31E+07
3282,1.32E+07,1.32E+07,1.32E+07
3285,1.32E+07,1.32E+07,1.32E+07
3288,1.32E+07,1.32E+07,1.32E+07
3291,1.32E+07,1.32E+07,1.32E+07
3294,1.32E+07,1.32E+07,1.32E+07
3297,1.32E+07,1.32E+07,1.32E+07
3300,1.32E+07,1.32E+07,1.32E+07
3303,1.32E+07,1.32E+07,1.32E+07
3306,1.32E+07,1.32E+07,1.32E+07
3309,1.32E+07,1.32E+07,1.32E+07
3312,1.32E+07,1.32E+07,1.32E+07
3315,1.31E+07,1.31E+07,1.31E+07
3318,1.32E+07,1.32E+07,1.32E+07
3321,1.32E+07,1.32E+07,1.32E+07
3324,1.32E+07,1.32E+07,1.32E+07
3327,1.32E+07,1.32E+07,1.32E+07
3330,1.32E+07,1.32E+07,1.32E+07
3333,1.32E+07,1.32E+07,1.32E+07
3336,1.33E+07,1.33E+07,1.33E+07
3339,1.33E+07,1.33E+07,1.33E+07
3342,1.33E+07,1.33E+07,1.33E+07
3345,1.33E+07,1.33E+07,1.33E+07
3348,1.33E+07,1.33E+07,1.33E+07
3351,1.33E+07,1.33E+07,1.33E+07
3354,1.33E+07,1.33E+07,1.33E+07
3357,1.33E+07,1.33E+07,1.33E+07
3360,1.33E+07,1.33E+07,1.33E+07
3363,1.33E+07,1.33E+07,1.33E+07
3366,1.33E+07,1.33E+07,1.33E+07
3369,1.33E+07,1.33E+07,1.33E+07
3372,1.33E+07,1.33E+07,1.33E+07
3375,1.33E+07,1.33E+07,1.33E+07
3378,1.33E+07,1.33E+07,1.33E+07
3381,1.33E+07,1.33E+07,1.33E+07
3384,1.33E+07,1.33E+07,1.33E+07
3387,1.34E+07,1.34E+07,1.34E+07
3390,1.33E+07,1.33E+07,1.33E+07
3393,1.34E+07,1.34E+07,1.34E+07
3396,1.33E+07,1.33E+07,1.33E+07
3399,1.34E+07,1.34E+07,1.34E+07
3402,1.34E+07,1.34E+07,1.34E+07
3405,1.34E+07,1.34E+07,1.34E+07
3408,1.33E+07,1.33E+07,1.33E+07
3411,1.34E+07,1.34E+07,1.34E+07
3414,1.33E+07,1.33E+07,1.33E+07
3417,1.34E+07,1.34E+07,1.34E+07
3420,1.34E+07,1.34E+07,1.34E+07
3423,1.34E+07,1.34E+07,1.34E+07
3426,1.34E+07,1.34E+07,1.34E+07
3429,1.34E+07,1.34E+07,1.34E+07
3432,1.34E+07,1.34E+07,1.34E+07
3435,1.34E+07,1.34E+07,1.34E+07
3438,1.35E+07,1.35E+07,1.35E+07
3441,1.35E+07,1.35E+07,1.35E+07
3444,1.34E+07,1.34E+07,1.34E+07
3447,1.34E+07,1.34E+07,1.34E+07
3450,1.34E+07,1.34E+07,1.34E+07
3453,1.34E+07,1.34E+07,1.34E+07
3456,1.35E+07,1.35E+07,1.35E+07
3459,1.35E+07,1.35E+07,1.35E+07
3462,1.34E+07,1.34E+07,1.34E+07
3465,1.35E+07,1.35E+07,1.35E+07
3468,1.35E+07,1.35E+07,1.35E+07
3471,1.35E+07,1.35E+07,1.35E+07
3474,1.35E+07,1.35E+07,1.35E+07
3477,1.35E+07,1.35E+07,1.35E+07
3480,1.36E+07,1.36E+07,1.36E+07
3483,1.35E+07,1.35E+07,1.35E+07
3486,1.35E+07,1.35E+07,1.35E+07
3489,1.34E+07,1.34E+07,1.34E+07
3492,1.35E+07,1.35E+07,1.35E+07
3495,1.35E+07,1.35E+07,1.35E+07
3498,1.36E+07,1.36E+07,1.36E+07
3501,1.36E+07,1.36E+07,1.36E+07
3504,1.35E+07,1.35E+07,1.35E+07
3507,1.36E+07,1.36E+07,1.36E+07
3510,1.36E+07,1.36E+07,1.36E+07
3513,1.36E+07,1.36E+07,1.36E+07
3516,1.36E+07,1.36E+07,1.36E+07
3519,1.36E+07,1.36E+07,1.36E+07
3522,1.36E+07,1.36E+07,1.36E+07
3525,1.36E+07,1.36E+07,1.36E+07
3528,1.36E+07,1.36E+07,1.36E+07
3531,1.36E+07,1.36E+07,1.36E+07
3534,1.36E+07,1.36E+07,1.36E+07
3537,1.36E+07,1.36E+07,1.36E+07
3540,1.36E+07,1.36E+07,1.36E+07
3543,1.37E+07,1.37E+07,1.37E+07
3546,1.36E+07,1.36E+07,1.36E+07
3549,1.36E+07,1.36E+07,1.36E+07
3552,1.36E+07,1.36E+07,1.36E+07
3555,1.36E+07,1.36E+07,1.36E+07
3558,1.36E+07,1.36E+07,1.36E+07
3561,1.37E+07,1.37E+07,1.37E+07
3564,1.37E+07,1.37E+07,1.37E+07
3567,1.37E+07,1.37E+07,1.37E+07
3570,1.37E+07,1.37E+07,1.37E+07
3573,1.37E+07,1.37E+07,1.37E+07
3576,1.37E+07,1.37E+07,1.37E+07
3579,1.37E+07,1.37E+07,1.37E+07
3582,1.37E+07,1.37E+07,1.37E+07
3585,1.37E+07,1.37E+07,1.37E+07
3588,1.37E+07,1.37E+07,1.37E+07
3591,1.37E+07,1.37E+07,1.37E+07
3594,1.37E+07,1.37E+07,1.37E+07
3597,1.38E+07,1.38E+07,1.38E+07
3600,1.37E+07,1.37E+07,1.37E+07
3603,1.38E+07,1.38E+07,1.38E+07
3606,1.38E+07,1.38E+07,1.38E+07
3609,1.38E+07,1.38E+07,1.38E+07
3612,1.38E+07,1.38E+07,1.38E+07
3615,1.38E+07,1.38E+07,1.38E+07
3618,1.37E+07,1.37E+07,1.37E+07
3621,1.38E+07,1.38E+07,1.38E+07
3624,1.38E+07,1.38E+07,1.38E+07
3627,1.37E+07,1.37E+07,1.37E+07
3630,1.38E+07,1.38E+07,1.38E+07
3633,1.38E+07,1.38E+07,1.38E+07
3636,1.38E+07,1.38E+07,1.38E+07
3639,1.39E+07,1.39E+07,1.39E+07
3642,1.38E+07,1.38E+07,1.38E+07
3645,1.38E+07,1.38E+07,1.38E+07
3648,1.39E+07,1.39E+07,1.39E+07
3651,1.39E+07,1.39E+07,1.39E+07
3654,1.38E+07,1.38E+07,1.38E+07
3657,1.39E+07,1.39E+07,1.39E+07
3660,1.38E+07,1.38E+07,1.38E+07
3663,1.38E+07,1.38E+07,1.38E+07
3666,1.38E+07,1.38E+07,1.38E+07
3669,1.39E+07,1.39E+07,1.39E+07
3672,1.39E+07,1.39E+07,1.39E+07
3675,1.39E+07,1.39E+07,1.39E+07
3678,1.38E+07,1.38E+07,1.38E+07
3681,1.39E+07,1.39E+07,1.39E+07
3684,1.39E+07,1.39E+07,1.39E+07
3687,1.39E+07,1.39E+07,1.39E+07
3690,1.39E+07,1.39E+07,1.39E+07
3693,1.39E+07,1.39E+07,1.39E+07
3696,1.39E+07,1.39E+07,1.39E+07
3699,1.40E+07,1.40E+07,1.40E+07
3702,1.40E+07,1.40E+07,1.40E+07
3705,1.39E+07,1.39E+07,1.39E+07
3708,1.39E+07,1.39E+07,1.39E+07
3711,1.39E+07,1.39E+07,1.39E+07
3714,1.40E+07,1.40E+07,1.40E+07
3717,1.40E+07,1.40E+07,1.40E+07
3720,1.40E+07,1.40E+07,1.40E+07
3723,1.40E+07,1.40E+07,1.40E+07
3726,1.40E+07,1.40E+07,1.40E+07
3729,1.40E+07,1.40E+07,1.40E+07
3732,1.40E+07,1.40E+07,1.40E+07
3735,1.40E+07,1.40E+07,1.40E+07
3738,1.41E+07,1.41E+07,1.41E+07
3741,1.40E+07,1.40E+07,1.40E+07
3744,1.40E+07,1.40E+07,1.40E+07
3747,1.40E+07,1.40E+07,1.40E+07
3750,1.40E+07,1.40E+07,1.40E+07
3753,1.40E+07,1.40E+07,1.40E+07
3756,1.40E+07,1.40E+07,1.40E+07
3759,1.41E+07,1.41E+07,1.41E+07
3762,1.40E+07,1.40E+07,1.40E+07
3765,1.40E+07,1.40E+07,1.40E+07
3768,1.41E+07,1.41E+07,1.41E+07
3771,1.40E+07,1.40E+07,1.40E+07
3774,1.41E+07,1.41E+07,1.41E+07
3777,1.40E+07,1.40E+07,1.40E+07
3780,1.41E+07,1.41E+07,1.41E+07
3783,1.41E+07,1.41E+07,1.41E+07
3786,1.40E+07,1.40E+07,1.40E+07
3789,1.41E+07,1.41E+07,1.41E+07
3792,1.41E+07,1.41E+07,1.41E+07
3795,1.41E+07,1.41E+07,1.41E+07
3798,1.41E+07,1.41E+07,1.41E+07
3801,1.40E+07,1.40E+07,1.40E+07
3804,1.42E+07,1.42E+07,1.42E+07
3807,1.41E+07,1.41E+07,1.41E+07
3810,1.42E+07,1.42E+07,1.42E+07
3813,1.41E+07,1.41E+07,1.41E+07
3816,1.41E+07,1.41E+07,1.41E+07
3819,1.41E+07,1.41E+07,1.41E+07
3822,1.42E+07,1.42E+07,1.42E+07
3825,1.42E+07,1.42E+07,1.42E+07
3828,1.42E+07,1.42E+07,1.42E+07
3831,1.41E+07,1.41E+07,1.41E+07
3834,1.41E+07,1.41E+07,1.41E+07
3837,1.42E+07,1.42E+07,1.42E+07
3840,1.42E+07,1.42E+07,1.42E+07
3843,1.42E+07,1.42E+07,1.42E+07
3846,1.42E+07,1.42E+07,1.42E+07
3849,1.42E+07,1.42E+07,1.42E+07
3852,1.42E+07,1.42E+07,1.42E+07
3855,1.42E+07,1.42E+07,1.42E+07
3858,1.43E+07,1.43E+07,1.43E+07
3861,1.43E+07,1.43E+07,1.43E+07
3864,1.42E+07,1.42E+07,1.42E+07
3867,1.42E+07,1.42E+07,1.42E+07
3870,1.41E+07,1.41E+07,1.41E+07
3873,1.43E+07,1.43E+07,1.43E+07
3876,1.42E+07,1.42E+07,1.42E+07
3879,1.42E+07,1.42E+07,1.42E+07
3882,1.42E+07,1.42E+07,1.42E+07
3885,1.43E+07,1.43E+07,1.43E+07
3888,1.43E+07,1.43E+07,1.43E+07
3891,1.42E+07,1.42E+07,1.42E+07
3894,1.42E+07,1.42E+07,1.42E+07
3897,1.43E+07,1.43E+07,1.43E+07
3900,1.43E+07,1.43E+07,1.43E+07
3903,1.42E+07,1.42E+07,1.42E+07
3906,1.42E+07,1.42E+07,1.42E+07
3909,1.43E+07,1.43E+07,1.43E+07
3912,1.43E+07,1.43E+07,1.43E+07
3915,1.43E+07,1.43E+07,1.43E+07
3918,1.43E+07,1.43E+07,1.43E+07
3921,1.44E+07,1.44E+07,1.44E+07
3924,1.44E+07,1.44E+07,1.44E+07
3927,1.43E+07,1.43E+07,1.43E+07
3930,1.44E+07,1.44E+07,1.44E+07
3933,1.44E+07,1.44E+07,1.44E+07
3936,1.43E+07,1.43E+07,1.43E+07
3939,1.43E+07,1.43E+07,1.43E+07
3942,1.43E+07,1.43E+07,1.43E+07
3945,1.44E+07,1.44E+07,1.44E+07
3948,1.43E+07,1.43E+07,1.43E+07
3951,1.43E+07,1.43E+07,1.43E+07
3954,1.44E+07,1.44E+07,1.44E+07
3957,1.44E+07,1.44E+07,1.44E+07
3960,1.44E+07,1.44E+07,1.44E+07
3963,1.44E+07,1.44E+07,1.44E+07
3966,1.44E+07,1.44E+07,1.44E+07
3969,1.44E+07,1.44E+07,1.44E+07
3972,1.44E+07,1.44E+07,1.44E+07
3975,1.45E+07,1.45E+07,1.45E+07
3978,1.45E+07,1.45E+07,1.45E+07
3981,1.44E+07,1.44E+07,1.44E+07
3984,1.44E+07,1.44E+07,1.44E+07
3987,1.45E+07,1.45E+07,1.45E+07
3990,1.44E+07,1.44E+07,1.44E+07
3993,1.44E+07,1.44E+07,1.44E+07
3996,1.44E+07,1.44E+07,1.44E+07
3999,1.44E+07,1.44E+07,1.44E+07
4002,1.45E+07,1.45E+07,1.45E+07
4005,1.45E+07,1.45E+07,1.45E+07
4008,1.45E+07,1.45E+07,1.45E+07
4011,1.44E+07,1.44E+07,1.44E+07
4014,1.46E+07,1.46E+07,1.46E+07
4017,1.45E+07,1.45E+07,1.45E+07
4020,1.44E+07,1.44E+07,1.44E+07
4023,1.45E+07,1.45E+07,1.45E+07
4026,1.45E+07,1.45E+07,1.45E+07
4029,1.44E+07,1.44E+07,1.44E+07
4032,1.45E+07,1.45E+07,1.45E+07
4035,1.45E+07,1.45E+07,1.45E+07
4038,1.46E+07,1.46E+07,1.46E+07
4041,1.45E+07,1.45E+07,1.45E+07
4044,1.45E+07,1.45E+07,1.45E+07
4047,1.45E+07,1.45E+07,1.45E+07
4050,1.46E+07,1.46E+07,1.46E+07
4053,1.46E+07,1.46E+07,1.46E+07
4056,1.46E+07,1.46E+07,1.46E+07
4059,1.45E+07,1.45E+07,1.45E+07
4062,1.46E+07,1.46E+07,1.46E+07
4065,1.46E+07,1.46E+07,1.46E+07
4068,1.46E+07,1.46E+07,1.46E+07
4071,1.45E+07,1.45E+07,1.45E+07
4074,1.45E+07,1.45E+07,1.45E+07
4077,1.46E+07,1.46E+07,1.46E+07
4080,1.46E+07,1.46E+07,1.46E+07
4083,1.46E+07,1.46E+07,1.46E+07
4086,1.46E+07,1.46E+07,1.46E+07
4089,1.47E+07,1.47E+07,1.47E+07
4092,1.46E+07,1.46E+07,1.46E+07
4095,1.46E+07,1.46E+07,1.46E+07
4098,1.46E+07,1.46E+07,1.46E+07
4101,1.46E+07,1.46E+07,1.46E+07
4104,1.46E+07,1.46E+07,1.46E+07
4107,1.46E+07,1.46E+07,1.46E+07
4110,1.46E+07,1.46E+07,1.46E+07
4113,1.47E+07,1.47E+07,1.47E+07
4116,1.46E+07,1.46E+07,1.46E+07
4119,1.46E+07,1.46E+07,1.46E+07
4122,1.46E+07,1.46E+07,1.46E+07
4125,1.47E+07,1.47E+07,1.47E+07
4128,1.47E+07,1.47E+07,1.47E+07
4131,1.47E+07,1.47E+07,1.47E+07
4134,1.46E+07,1.46E+07,1.46E+07
4137,1.48E+07,1.48E+07,1.48E+07
4140,1.48E+07,1.48E+07,1.48E+07
4143,1.47E+07,1.47E+07,1.47E+07
4146,1.47E+07,1.47E+07,1.47E+07
4149,1.47E+07,1.47E+07,1.47E+07
4152,1.48E+07,1.48E+07,1.48E+07
4155,1.47E+07,1.47E+07,1.47E+07
4158,1.47E+07,1.47E+07,1.47E+07
4161,1.48E+07,1.48E+07,1.48E+07
4164,1.47E+07,1.47E+07,1.47E+07
4167,1.47E+07,1.47E+07,1.47E+07
4170,1.47E+07,1.47E+07,1.47E+07
4173,1.47E+07,1.47E+07,1.47E+07
4176,1.48E+07,1.48E+07,1.48E+07
4179,1.47E+07,1.47E+07,1.47E+07
4182,1.48E+07,1.48E+07,1.48E+07
4185,1.47E+07,1.47E+07,1.47E+07
4188,1.48E+07,1.48E+07,1.48E+07
4191,1.48E+07,1.48E+07,1.48E+07
4194,1.48E+07,1.48E+07,1.48E+07
4197,1.48E+07,1.48E+07,1.48E+07
4200,1.48E+07,1.48E+07,1.48E+07
4203,1.48E+07,1.48E+07,1.48E+07
4206,1.48E+07,1.48E+07,1.48E+07
4209,1.48E+07,1.48E+07,1.48E+07
4212,1.48E+07,1.48E+07,1.48E+07
4215,1.48E+07,1.48E+07,1.48E+07
4218,1.48E+07,1.48E+07,1.48E+07
4221,1.48E+07,1.48E+07,1.48E+07
4224,1.48E+07,1.48E+07,1.48E+07
4227,1.48E+07,1.48E+07,1.48E+07
4230,1.48E+07,1.48E+07,1.48E+07
4233,1.49E+07,1.49E+07,1.49E+07
4236,1.49E+07,1.49E+07,1.49E+07
4239,1.49E+07,1.49E+07,1.49E+07
4242,1.49E+07,1.49E+07,1.49E+07
4245,1.49E+07,1.49E+07,1.49E+07
4248,1.49E+07,1.49E+07,1.49E+07
4251,1.49E+07,1.49E+07,1.49E+07
4254,1.48E+07,1.48E+07,1.48E+07
4257,1.49E+07,1.49E+07,1.49E+07
4260,1.49E+07,1.49E+07,1.49E+07
4263,1.49E+07,1.49E+07,1.49E+07
4266,1.49E+07,1.49E+07,1.49E+07
4269,1.50E+07,1.50E+07,1.50E+07
4272,1.49E+07,1.49E+07,1.49E+07
4275,1.49E+07,1.49E+07,1.49E+07
4278,1.50E+07,1.50E+07,1.50E+07
4281,1.49E+07,1.49E+07,1.49E+07
4284,1.50E+07,1.50E+07,1.50E+07
4287,1.49E+07,1.49E+07,1.49E+07
4290,1.49E+07,1.49E+07,1.49E+07
4293,1.49E+07,1.49E+07,1.49E+07
4296,1.50E+07,1.50E+07,1.50E+07
4299,1.50E+07,1.50E+07,1.50E+07
4302,1.50E+07,1.50E+07,1.50E+07
4305,1.50E+07,1.50E+07,1.50E+07
4308,1.50E+07,1.50E+07,1.50E+07
4311,1.50E+07,1.50E+07,1.50E+07
4314,1.50E+07,1.50E+07,1.50E+07
4317,1.51E+07,1.51E+07,1.51E+07
4320,1.50E+07,1.50E+07,1.50E+07
4323,1.50E+07,1.50E+07,1.50E+07
4326,1.50E+07,1.50E+07,1.50E+07
4329,1.50E+07,1.50E+07,1.50E+07
4332,1.50E+07,1.50E+07,1.50E+07
4335,1.50E+07,1.50E+07,1.50E+07
4338,1.50E+07,1.50E+07,1.50E+07
4341,1.51E+07,1.51E+07,1.51E+07
4344,1.50E+07,1.50E+07,1.50E+07
4347,1.51E+07,1.51E+07,1.51E+07
4350,1.50E+07,1.50E+07,1.50E+07
4353,1.51E+07,1.51E+07,1.51E+07
4356,1.50E+07,1.50E+07,1.50E+07
4359,1.51E+07,1.51E+07,1.51E+07
4362,1.51E+07,1.51E+07,1.51E+07
4365,1.51E+07,1.51E+07,1.51E+07
4368,1.51E+07,1.51E+07,1.51E+07
4371,1.51E+07,1.51E+07,1.51E+07
4374,1.50E+07,1.50E+07,1.50E+07
4377,1.51E+07,1.51E+07,1.51E+07
4380,1.51E+07,1.51E+07,1.51E+07
4383,1.51E+07,1.51E+07,1.51E+07
4386,1.51E+07,1.51E+07,1.51E+07
4389,1.51E+07,1.51E+07,1.51E+07
4392,1.51E+07,1.51E+07,1.51E+07
4395,1.51E+07,1.51E+07,1.51E+07
4398,1.51E+07,1.51E+07,1.51E+07
4401,1.51E+07,1.51E+07,1.51E+07
4404,1.51E+07,1.51E+07,1.51E+07
4407,1.51E+07,1.51E+07,1.51E+07
4410,1.52E+07,1.52E+07,1.52E+07
4413,1.51E+07,1.51E+07,1.51E+07
4416,1.52E+07,1.52E+07,1.52E+07
4419,1.51E+07,1.51E+07,1.51E+07
4422,1.51E+07,1.51E+07,1.51E+07
4425,1.52E+07,1.52E+07,1.52E+07
4428,1.52E+07,1.52E+07,1.52E+07
4431,1.51E+07,1.51E+07,1.51E+07
4434,1.52E+07,1.52E+07,1.52E+07
4437,1.52E+07,1.52E+07,1.52E+07
4440,1.52E+07,1.52E+07,1.52E+07
4443,1.52E+07,1.52E+07,1.52E+07
4446,1.53E+07,1.53E+07,1.53E+07
4449,1.51E+07,1.51E+07,1.51E+07
4452,1.52E+07,1.52E+07,1.52E+07
4455,1.52E+07,1.52E+07,1.52E+07
4458,1.52E+07,1.52E+07,1.52E+07
4461,1.53E+07,1.53E+07,1.53E+07
4464,1.52E+07,1.52E+07,1.52E+07
4467,1.53E+07,1.53E+07,1.53E+07
4470,1.53E+07,1.53E+07,1.53E+07
4473,1.53E+07,1.53E+07,1.53E+07
4476,1.53E+07,1.53E+07,1.53E+07
4479,1.53E+07,1.53E+07,1.53E+07
4482,1.53E+07,1.53E+07,1.53E+07
4485,1.53E+07,1.53E+07,1.53E+07
4488,1.52E+07,1.52E+07,1.52E+07
4491,1.53E+07,1.53E+07,1.53E+07
4494,1.53E+07,1.53E+07,1.53E+07
4497,1.53E+07,1.53E+07,1.53E+07
4500,1.53E+07,1.53E+07,1.53E+07
4503,1.53E+07,1.53E+07,1.53E+07
4506,1.53E+07,1.53E+07,1.53E+07
4509,1.53E+07,1.53E+07,1.53E+07
4512,1.54E+07,1.54E+07,1.54E+07
4515,1.53E+07,1.53E+07,1.53E+07
4518,1.53E+07,1.53E+07,1.53E+07
4521,1.54E+07,1.54E+07,1.54E+07
4524,1.53E+07,1.53E+07,1.53E+07
4527,1.53E+07,1.53E+07,1.53E+07
4530,1.53E+07,1.53E+07,1.53E+07
4533,1.54E+07,1.54E+07,1.54E+07
4536,1.53E+07,1.53E+07,1.53E+07
4539,1.54E+07,1.54E+07,1.54E+07
4542,1.53E+07,1.53E+07,1.53E+07
4545,1.54E+07,1.54E+07,1.54E+07
4548,1.53E+07,1.53E+07,1.53E+07
4551,1.54E+07,1.54E+07,1.54E+07
4554,1.54E+07,1.54E+07,1.54E+07
4557,1.53E+07,1.53E+07,1.53E+07
4560,1.54E+07,1.54E+07,1.54E+07
4563,1.54E+07,1.54E+07,1.54E+07
4566,1.54E+07,1.54E+07,1.54E+07
4569,1.54E+07,1.54E+07,1.54E+07
4572,1.54E+07,1.54E+07,1.54E+07
4575,1.54E+07,1.54E+07,1.54E+07
4578,1.53E+07,1.53E+07,1.53E+07
4581,1.54E+07,1.54E+07,1.54E+07
4584,1.54E+07,1.54E+07,1.54E+07
4587,1.54E+07,1.54E+07,1.54E+07
4590,1.54E+07,1.54E+07,1.54E+07
4593,1.54E+07,1.54E+07,1.54E+07
4596,1.55E+07,1.55E+07,1.55E+07
4599,1.54E+07,1.54E+07,1.54E+07
4602,1.55E+07,1.55E+07,1.55E+07
4605,1.55E+07,1.55E+07,1.55E+07
4608,1.55E+07,1.55E+07,1.55E+07
4611,1.55E+07,1.55E+07,1.55E+07
4614,1.55E+07,1.55E+07,1.55E+07
4617,1.54E+07,1.54E+07,1.54E+07
4620,1.54E+07,1.54E+07,1.54E+07
4623,1.55E+07,1.55E+07,1.55E+07
4626,1.55E+07,1.55E+07,1.55E+07
4629,1.55E+07,1.55E+07,1.55E+07
4632,1.55E+07,1.55E+07,1.55E+07
4635,1.55E+07,1.55E+07,1.55E+07
4638,1.55E+07,1.55E+07,1.55E+07
4641,1.55E+07,1.55E+07,1.55E+07
4644,1.55E+07,1.55E+07,1.55E+07
4647,1.57E+07,1.57E+07,1.57E+07
4650,1.56E+07,1.56E+07,1.56E+07
4653,1.55E+07,1.55E+07,1.55E+07
4656,1.56E+07,1.56E+07,1.56E+07
4659,1.55E+07,1.55E+07,1.55E+07
4662,1.55E+07,1.55E+07,1.55E+07
4665,1.56E+07,1.56E+07,1.56E+07
4668,1.56E+07,1.56E+07,1.56E+07
4671,1.55E+07,1.55E+07,1.55E+07
4674,1.56E+07,1.56E+07,1.56E+07
4677,1.56E+07,1.56E+07,1.56E+07
4680,1.56E+07,1.56E+07,1.56E+07
4683,1.55E+07,1.55E+07,1.55E+07
4686,1.56E+07,1.56E+07,1.56E+07
4689,1.56E+07,1.56E+07,1.56E+07
4692,1.56E+07,1.56E+07,1.56E+07
4695,1.56E+07,1.56E+07,1.56E+07
4698,1.55E+07,1.55E+07,1.55E+07
4701,1.56E+07,1.56E+07,1.56E+07
4704,1.56E+07,1.56E+07,1.56E+07
4707,1.56E+07,1.56E+07,1.56E+07
4710,1.57E+07,1.57E+07,1.57E+07
4713,1.57E+07,1.57E+07,1.57E+07
4716,1.57E+07,1.57E+07,1.57E+07
4719,1.57E+07,1.57E+07,1.57E+07
4722,1.57E+07,1.57E+07,1.57E+07
4725,1.56E+07,1.56E+07,1.56E+07
4728,1.56E+07,1.56E+07,1.56E+07
4731,1.57E+07,1.57E+07,1.57E+07
4734,1.56E+07,1.56E+07,1.56E+07
4737,1.56E+07,1.56E+07,1.56E+07
4740,1.56E+07,1.56E+07,1.56E+07
4743,1.57E+07,1.57E+07,1.57E+07
4746,1.57E+07,1.57E+07,1.57E+07
4749,1.56E+07,1.56E+07,1.56E+07
4752,1.57E+07,1.57E+07,1.57E+07
4755,1.58E+07,1.58E+07,1.58E+07
4758,1.57E+07,1.57E+07,1.57E+07
4761,1.58E+07,1.58E+07,1.58E+07
4764,1.57E+07,1.57E+07,1.57E+07
4767,1.57E+07,1.57E+07,1.57E+07
4770,1.57E+07,1.57E+07,1.57E+07
4773,1.57E+07,1.57E+07,1.57E+07
4776,1.57E+07,1.57E+07,1.57E+07
4779,1.57E+07,1.57E+07,1.57E+07
4782,1.58E+07,1.58E+07,1.58E+07
4785,1.58E+07,1.58E+07,1.58E+07
4788,1.57E+07,1.57E+07,1.57E+07
4791,1.58E+07,1.58E+07,1.58E+07
4794,1.58E+07,1.58E+07,1.58E+07
4797,1.58E+07,1.58E+07,1.58E+07
4800,1.58E+07,1.58E+07,1.58E+07
4803,1.58E+07,1.58E+07,1.58E+07
4806,1.57E+07,1.57E+07,1.57E+07
4809,1.58E+07,1.58E+07,1.58E+07
4812,1.59E+07,1.59E+07,1.59E+07
4815,1.58E+07,1.58E+07,1.58E+07
4818,1.58E+07,1.58E+07,1.58E+07
4821,1.58E+07,1.58E+07,1.58E+07
4824,1.58E+07,1.58E+07,1.58E+07
4827,1.59E+07,1.59E+07,1.59E+07
4830,1.58E+07,1.58E+07,1.58E+07
4833,1.58E+07,1.58E+07,1.58E+07
4836,1.58E+07,1.58E+07,1.58E+07
4839,1.59E+07,1.59E+07,1.59E+07
4842,1.58E+07,1.58E+07,1.58E+07
4845,1.58E+07,1.58E+07,1.58E+07
4848,1.58E+07,1.58E+07,1.58E+07
4851,1.59E+07,1.59E+07,1.59E+07
4854,1.59E+07,1.59E+07,1.59E+07
4857,1.59E+07,1.59E+07,1.59E+07
4860,1.59E+07,1.59E+07,1.59E+07
4863,1.58E+07,1.58E+07,1.58E+07
4866,1.58E+07,1.58E+07,1.58E+07
4869,1.58E+07,1.58E+07,1.58E+07
4872,1.59E+07,1.59E+07,1.59E+07
4875,1.59E+07,1.59E+07,1.59E+07
4878,1.59E+07,1.59E+07,1.59E+07
4881,1.59E+07,1.59E+07,1.59E+07
4884,1.60E+07,1.60E+07,1.60E+07
4887,1.59E+07,1.59E+07,1.59E+07
4890,1.59E+07,1.59E+07,1.59E+07
4893,1.60E+07,1.60E+07,1.60E+07
4896,1.59E+07,1.59E+07,1.59E+07
4899,1.60E+07,1.60E+07,1.60E+07
4902,1.59E+07,1.59E+07,1.59E+07
4905,1.58E+07,1.58E+07,1.58E+07
4908,1.60E+07,1.60E+07,1.60E+07
4911,1.59E+07,1.59E+07,1.59E+07
4914,1.59E+07,1.59E+07,1.59E+07
4917,1.59E+07,1.59E+07,1.59E+07
4920,1.60E+07,1.60E+07,1.60E+07
4923,1.60E+07,1.60E+07,1.60E+07
4926,1.60E+07,1.60E+07,1.60E+07
4929,1.60E+07,1.60E+07,1.60E+07
4932,1.60E+07,1.60E+07,1.60E+07
4935,1.59E+07,1.59E+07,1.59E+07
4938,1.60E+07,1.60E+07,1.60E+07
4941,1.60E+07,1.60E+07,1.60E+07
4944,1.60E+07,1.60E+07,1.60E+07
4947,1.60E+07,1.60E+07,1.60E+07
4950,1.61E+07,1.61E+07,1.61E+07
4953,1.60E+07,1.60E+07,1.60E+07
4956,1.60E+07,1.60E+07,1.60E+07
4959,1.61E+07,1.61E+07,1.61E+07
4962,1.60E+07,1.60E+07,1.60E+07
4965,1.59E+07,1.59E+07,1.59E+07
4968,1.60E+07,1.60E+07,1.60E+07
4971,1.61E+07,1.61E+07,1.61E+07
4974,1.60E+07,1.60E+07,1.60E+07
4977,1.60E+07,1.60E+07,1.60E+07
4980,1.60E+07,1.60E+07,1.60E+07
4983,1.61E+07,1.61E+07,1.61E+07
4986,1.61E+07,1.61E+07,1.61E+07
4989,1.61E+07,1.61E+07,1.61E+07
4992,1.61E+07,1.61E+07,1.61E+07
4995,1.61E+07,1.61E+07,1.61E+07
4998,1.60E+07,1.60E+07,1.60E+07
5001,1.61E+07,1.61E+07,1.61E+07
5004,1.61E+07,1.61E+07,1.61E+07
5007,1.61E+07,1.61E+07,1.61E+07
5010,1.61E+07,1.61E+07,1.61E+07
5013,1.61E+07,1.61E+07,1.61E+07
5016,1.61E+07,1.61E+07,1.61E+07
5019,1.62E+07,1.62E+07,1.62E+07
5022,1.61E+07,1.61E+07,1.61E+07
5025,1.62E+07,1.62E+07,1.62E+07
5028,1.61E+07,1.61E+07,1.61E+07
5031,1.61E+07,1.61E+07,1.61E+07
5034,1.61E+07,1.61E+07,1.61E+07
5037,1.62E+07,1.62E+07,1.62E+07
5040,1.61E+07,1.61E+07,1.61E+07
5043,1.61E+07,1.61E+07,1.61E+07
5046,1.62E+07,1.62E+07,1.62E+07
5049,1.62E+07,1.62E+07,1.62E+07
5052,1.61E+07,1.61E+07,1.61E+07
5055,1.61E+07,1.61E+07,1.61E+07
5058,1.62E+07,1.62E+07,1.62E+07
5061,1.62E+07,1.62E+07,1.62E+07
5064,1.62E+07,1.62E+07,1.62E+07
5067,1.63E+07,1.63E+07,1.63E+07
5070,1.62E+07,1.62E+07,1.62E+07
5073,1.62E+07,1.62E+07,1.62E+07
5076,1.62E+07,1.62E+07,1.62E+07
5079,1.62E+07,1.62E+07,1.62E+07
5082,1.62E+07,1.62E+07,1.62E+07
5085,1.62E+07,1.62E+07,1.62E+07
5088,1.62E+07,1.62E+07,1.62E+07
5091,1.62E+07,1.62E+07,1.62E+07
5094,1.62E+07,1.62E+07,1.62E+07
5097,1.62E+07,1.62E+07,1.62E+07
5100,1.62E+07,1.62E+07,1.62E+07
5103,1.62E+07,1.62E+07,1.62E+07
5106,1.62E+07,1.62E+07,1.62E+07
5109,1.63E+07,1.63E+07,1.63E+07
5112,1.62E+07,1.62E+07,1.62E+07
5115,1.63E+07,1.63E+07,1.63E+07
5118,1.62E+07,1.62E+07,1.62E+07
5121,1.62E+07,1.62E+07,1.62E+07
5124,1.63E+07,1.63E+07,1.63E+07
5127,1.62E+07,1.62E+07,1.62E+07
5130,1.63E+07,1.63E+07,1.63E+07
5133,1.62E+07,1.62E+07,1.62E+07
5136,1.62E+07,1.62E+07,1.62E+07
5139,1.63E+07,1.63E+07,1.63E+07
